package,version,jt_ca,jt_ce,jt_instability,module_file_count,module_decl_mean,module_decl_median,module_decl_std_dev,module_decl_max,module_decl_outlier_count,module_internal_fan_in_mean,module_internal_fan_in_median,module_internal_fan_in_std_dev,module_internal_fan_in_max,module_internal_fan_in_outlier_count,module_internal_fan_out_mean,module_internal_fan_out_median,module_internal_fan_out_std_dev,module_internal_fan_out_max,module_internal_fan_out_outlier_count,class_mean,class_median,class_std_dev,class_max,class_outlier_count,function_mean,function_median,function_std_dev,function_max,function_outlier_count,function_call_mean,function_call_median,function_call_std_dev,function_call_max,function_call_outlier_count
googleapis,171.4.0,3545,42,0.0117,1820,2.82,2.00,17.27,582,3,1.31,0.00,1.36,4,0,1.31,0.00,17.28,580,3,7.35,4.00,15.55,230,34,1.35,0.00,13.67,580,1,0.23,0.00,1.05,35,23
googleapis,171.4.0,3545,42,0.0117,1820,2.82,2.00,17.27,582,3,1.31,0.00,1.36,4,0,1.31,0.00,17.28,580,3,7.35,4.00,15.55,230,34,1.35,0.00,13.67,580,1,0.23,0.00,1.05,35,23
googleapis,171.4.0,3545,42,0.0117,1820,2.82,2.00,17.27,582,3,1.31,0.00,1.36,4,0,1.31,0.00,17.28,580,3,7.35,4.00,15.55,230,34,1.35,0.00,13.67,580,1,0.23,0.00,1.05,35,23
next,16.2.6,71112,239,0.0033,4785,2.84,1.00,6.55,107,80,1.97,0.00,5.20,86,78,1.97,1.00,5.13,90,74,0.58,0.00,8.65,541,25,26.93,1.00,200.42,6381,47,3.45,1.00,10.48,739,1150
@next/swc-linux-arm64-gnu,16.2.6,6,0,0,0,0.00,0.00,0.00,0,0,0.00,0.00,0.00,0,0,0.00,0.00,0.00,0,0,0.00,0.00,0.00,0,0,0.00,0.00,0.00,0,0,0.00,0.00,0.00,0,0
@cloudflare/workerd-linux-64,1.20260519.1,2,0,0,0,0.00,0.00,0.00,0,0,0.00,0.00,0.00,0,0,0.00,0.00,0.00,0,0,0.00,0.00,0.00,0,0,0.00,0.00,0.00,0,0,0.00,0.00,0.00,0,0
@next/swc-linux-x64-gnu,16.2.6,6,0,0,0,0.00,0.00,0.00,0,0,0.00,0.00,0.00,0,0,0.00,0.00,0.00,0,0,0.00,0.00,0.00,0,0,0.00,0.00,0.00,0,0,0.00,0.00,0.00,0,0
@next/swc-linux-arm64-musl,16.2.6,6,0,0,0,0.00,0.00,0.00,0,0,0.00,0.00,0.00,0,0,0.00,0.00,0.00,0,0,0.00,0.00,0.00,0,0,0.00,0.00,0.00,0,0,0.00,0.00,0.00,0,0
@next/swc-linux-x64-musl,16.2.6,6,0,0,0,0.00,0.00,0.00,0,0,0.00,0.00,0.00,0,0,0.00,0.00,0.00,0,0,0.00,0.00,0.00,0,0,0.00,0.00,0.00,0,0,0.00,0.00,0.00,0,0
@next/swc-darwin-arm64,16.2.6,7,0,0,0,0.00,0.00,0.00,0,0,0.00,0.00,0.00,0,0,0.00,0.00,0.00,0,0,0.00,0.00,0.00,0,0,0.00,0.00,0.00,0,0,0.00,0.00,0.00,0,0
onnxruntime-web,1.26.0,354,35,0.09,360,3.83,3.00,4.37,43,4,3.41,1.00,9.67,74,13,3.41,2.00,4.43,43,4,0.61,0.00,1.57,21,3,88.54,6.00,347.64,2866,10,2.99,1.00,6.57,265,522
@next/swc-win32-x64-msvc,16.2.6,6,0,0,0,0.00,0.00,0.00,0,0,0.00,0.00,0.00,0,0,0.00,0.00,0.00,0,0,0.00,0.00,0.00,0,0,0.00,0.00,0.00,0,0,0.00,0.00,0.00,0,0
@next/swc-darwin-x64,16.2.6,6,0,0,0,0.00,0.00,0.00,0,0,0.00,0.00,0.00,0,0,0.00,0.00,0.00,0,0,0.00,0.00,0.00,0,0,0.00,0.00,0.00,0,0,0.00,0.00,0.00,0,0
app-builder-bin,4.2.0,32,0,0,2,0.50,0.50,0.50,1,0,0.00,0.00,0.00,0,0,0.00,0.00,0.00,0,0,0.00,0.00,0.00,0,0,0.50,0.50,0.50,1,0,3.00,3.00,0.00,3,0
@pnpm/linux-x64,11.1.3,1,1,0.5,0,0.00,0.00,0.00,0,0,0.00,0.00,0.00,0,0,0.00,0.00,0.00,0,0,0.00,0.00,0.00,0,0,0.00,0.00,0.00,0,0,0.00,0.00,0.00,0,0
@temporalio/core-bridge,1.16.2,4,5,0.5556,13,1.85,2.00,1.79,6,0,0.77,0.00,0.97,3,0,0.77,0.00,1.05,3,0,0.46,0.00,1.34,5,1,2.38,0.00,3.83,11,0,2.03,2.00,2.18,10,1
opencode-linux-x64-baseline-musl,1.15.5,0,0,0,0,0.00,0.00,0.00,0,0,0.00,0.00,0.00,0,0,0.00,0.00,0.00,0,0,0.00,0.00,0.00,0,0,0.00,0.00,0.00,0,0,0.00,0.00,0.00,0,0
opencode-linux-x64-musl,1.15.5,0,0,0,0,0.00,0.00,0.00,0,0,0.00,0.00,0.00,0,0,0.00,0.00,0.00,0,0,0.00,0.00,0.00,0,0,0.00,0.00,0.00,0,0,0.00,0.00,0.00,0,0
@bufbuild/buf-linux-x64,1.69.0,0,0,0,0,0.00,0.00,0.00,0,0,0.00,0.00,0.00,0,0,0.00,0.00,0.00,0,0,0.00,0.00,0.00,0,0,0.00,0.00,0.00,0,0,0.00,0.00,0.00,0,0
@zed-industries/codex-acp-linux-x64,0.14.0,0,0,0,0,0.00,0.00,0.00,0,0,0.00,0.00,0.00,0,0,0.00,0.00,0.00,0,0,0.00,0.00,0.00,0,0,0.00,0.00,0.00,0,0,0.00,0.00,0.00,0,0
opencode-linux-x64-baseline,1.15.5,0,0,0,0,0.00,0.00,0.00,0,0,0.00,0.00,0.00,0,0,0.00,0.00,0.00,0,0,0.00,0.00,0.00,0,0,0.00,0.00,0.00,0,0,0.00,0.00,0.00,0,0
opencode-linux-x64,1.15.5,1,0,0,0,0.00,0.00,0.00,0,0,0.00,0.00,0.00,0,0,0.00,0.00,0.00,0,0,0.00,0.00,0.00,0,0,0.00,0.00,0.00,0,0,0.00,0.00,0.00,0,0
@google-cloud/compute,6.11.0,70,18,0.2045,512,4.88,4.00,7.53,129,2,1.00,0.00,11.16,253,1,1.00,0.50,7.76,129,2,9.68,1.00,196.56,4453,1,124.76,0.00,2396.10,54286,1,4.41,2.00,14.62,2308,343
@anthropic-ai/claude-code-linux-x64,2.1.144,0,0,0,0,0.00,0.00,0.00,0,0,0.00,0.00,0.00,0,0,0.00,0.00,0.00,0,0,0.00,0.00,0.00,0,0,0.00,0.00,0.00,0,0,0.00,0.00,0.00,0,0
dashjs,5.1.1,147,58,0.2829,40,0.07,0.00,0.35,2,1,0.00,0.00,0.00,0,0,0.00,0.00,0.00,0,0,18.80,5.50,28.61,99,0,2065.38,1349.50,2021.16,6654,0,2.94,2.00,5.36,356,975
onnxruntime-node,1.26.0,302,9,0.0289,20,2.25,2.00,2.02,6,0,0.50,0.00,0.59,2,0,0.50,0.00,0.74,2,0,0.25,0.00,0.62,2,0,2.85,0.50,5.11,22,1,2.53,2.00,3.29,19,1
@fluentui/react-icons,2.0.326,222,18,0.075,23312,1.01,1.00,0.68,68,19,1.00,0.00,75.98,5811,4,1.00,1.00,0.61,67,10,0.00,0.00,0.00,0,0,0.00,0.00,0.15,16,32,1.38,0.00,2.23,8,0
@lancedb/lancedb-linux-x64-gnu,0.29.0,0,0,0,0,0.00,0.00,0.00,0,0,0.00,0.00,0.00,0,0,0.00,0.00,0.00,0,0,0.00,0.00,0.00,0,0,0.00,0.00,0.00,0,0,0.00,0.00,0.00,0,0
@cloudflare/workerd-linux-arm64,1.20260519.1,2,0,0,0,0.00,0.00,0.00,0,0,0.00,0.00,0.00,0,0,0.00,0.00,0.00,0,0,0.00,0.00,0.00,0,0,0.00,0.00,0.00,0,0,0.00,0.00,0.00,0,0
@formatjs/intl-datetimeformat,7.4.5,58,4,0.0645,1545,0.01,0.00,0.10,2,5,0.00,0.00,0.00,0,0,0.00,0.00,0.00,0,0,0.00,0.00,0.00,0,0,0.35,0.00,6.85,166,4,3.35,2.00,5.56,43,8
react-grab,0.1.37,35,17,0.3269,325,1.84,2.00,1.37,4,0,1.81,0.00,7.93,68,6,1.81,2.00,1.40,4,0,0.00,0.00,0.00,0,0,388.53,387.00,204.16,1553,1,2.95,1.00,6.08,159,1209
@anthropic-ai/claude-code-darwin-arm64,2.1.144,0,0,0,0,0.00,0.00,0.00,0,0,0.00,0.00,0.00,0,0,0.00,0.00,0.00,0,0,0.00,0.00,0.00,0,0,0.00,0.00,0.00,0,0,0.00,0.00,0.00,0,0
flow-bin,0.314.0,12099,0,0,2,2.00,2.00,0.00,2,0,0.50,0.50,0.50,1,0,0.50,0.50,0.50,1,0,0.00,0.00,0.00,0,0,0.00,0.00,0.00,0,0,0.00,0.00,0.00,0,0
@tensorflow/tfjs,4.22.0,787,45,0.0541,43,3.63,2.00,3.15,11,0,0.63,0.00,1.18,5,1,0.63,0.00,1.03,4,1,30.84,0.00,93.41,323,4,902.53,3.00,2065.80,7617,1,3.46,1.00,21.28,2385,55
@github/copilot-linux-x64,1.0.49,0,0,0,0,0.00,0.00,0.00,0,0,0.00,0.00,0.00,0,0,0.00,0.00,0.00,0,0,0.00,0.00,0.00,0,0,0.00,0.00,0.00,0,0,0.00,0.00,0.00,0,0
@github/copilot,1.0.49,19,8,0.2963,102,15.85,1.00,89.60,737,2,0.82,0.00,1.55,8,3,0.82,0.00,1.67,9,2,4.58,0.00,15.51,103,2,596.05,0.50,4121.35,35779,2,2.88,1.00,16.70,2152,176
@anthropic-ai/claude-code-win32-x64,2.1.144,0,0,0,0,0.00,0.00,0.00,0,0,0.00,0.00,0.00,0,0,0.00,0.00,0.00,0,0,0.00,0.00,0.00,0,0,0.00,0.00,0.00,0,0,0.00,0.00,0.00,0,0
opencode-windows-x64,1.15.5,1,0,0,0,0.00,0.00,0.00,0,0,0.00,0.00,0.00,0,0,0.00,0.00,0.00,0,0,0.00,0.00,0.00,0,0,0.00,0.00,0.00,0,0,0.00,0.00,0.00,0,0
opencode-windows-x64-baseline,1.15.5,0,0,0,0,0.00,0.00,0.00,0,0,0.00,0.00,0.00,0,0,0.00,0.00,0.00,0,0,0.00,0.00,0.00,0,0,0.00,0.00,0.00,0,0,0.00,0.00,0.00,0,0
@lancedb/lancedb-win32-x64-msvc,0.29.0,0,0,0,0,0.00,0.00,0.00,0,0,0.00,0.00,0.00,0,0,0.00,0.00,0.00,0,0,0.00,0.00,0.00,0,0,0.00,0.00,0.00,0,0,0.00,0.00,0.00,0,0
@duckdb/duckdb-wasm,1.33.1-dev45.0,108,33,0.234,66,4.64,1.00,12.89,65,3,0.00,0.00,0.00,0,0,0.00,0.00,0.00,0,0,0.98,0.00,1.82,7,4,486.14,0.00,1257.12,4778,3,2.47,1.00,4.71,210,304
@node-llama-cpp/linux-x64-cuda,3.18.1,0,0,0,1,3.00,3.00,0.00,3,0,0.00,0.00,0.00,0,0,0.00,0.00,0.00,0,0,0.00,0.00,0.00,0,0,1.00,1.00,0.00,1,0,0.00,0.00,0.00,0,0
@anthropic-ai/claude-code-linux-x64-musl,2.1.144,0,0,0,0,0.00,0.00,0.00,0,0,0.00,0.00,0.00,0,0,0.00,0.00,0.00,0,0,0.00,0.00,0.00,0,0,0.00,0.00,0.00,0,0,0.00,0.00,0.00,0,0
@bufbuild/buf-linux-aarch64,1.69.0,0,0,0,0,0.00,0.00,0.00,0,0,0.00,0.00,0.00,0,0,0.00,0.00,0.00,0,0,0.00,0.00,0.00,0,0,0.00,0.00,0.00,0,0,0.00,0.00,0.00,0,0
node-linux-x64,22.22.3,1,0,0,0,0.00,0.00,0.00,0,0,0.00,0.00,0.00,0,0,0.00,0.00,0.00,0,0,0.00,0.00,0.00,0,0,0.00,0.00,0.00,0,0,0.00,0.00,0.00,0,0
@iconify/json,2.2.475,766,10,0.0129,3,2.67,3.00,0.47,3,0,0.00,0.00,0.00,0,0,0.00,0.00,0.00,0,0,0.00,0.00,0.00,0,0,2.67,4.00,1.89,4,0,2.00,2.00,0.71,3,0
@cdktf/node-pty-prebuilt-multiarch,0.10.2,4,17,0.8095,42,2.07,2.00,2.16,8,0,0.90,0.00,1.29,4,0,0.90,0.50,1.27,6,1,0.07,0.00,0.26,1,3,8.67,2.50,12.89,47,0,1.92,1.00,2.25,17,10
@next/swc-freebsd-x64,13.2.4,3,0,0,0,0.00,0.00,0.00,0,0,0.00,0.00,0.00,0,0,0.00,0.00,0.00,0,0,0.00,0.00,0.00,0,0,0.00,0.00,0.00,0,0,0.00,0.00,0.00,0,0
@pdftron/webviewer,11.12.0,26,0,0,315,0.18,0.00,0.88,8,9,0.00,0.00,0.06,1,1,0.00,0.00,0.06,1,1,1.80,0.00,22.29,384,2,339.01,6.00,1642.74,18337,4,4.12,1.00,28.61,3570,396
@oven/bun-windows-x64,1.3.14,1,0,0,0,0.00,0.00,0.00,0,0,0.00,0.00,0.00,0,0,0.00,0.00,0.00,0,0,0.00,0.00,0.00,0,0,0.00,0.00,0.00,0,0,0.00,0.00,0.00,0,0
@cdktf/provider-aws,21.22.1,65,17,0.2073,4462,2.50,2.00,46.79,2212,2,1.00,0.00,1.01,5,2,1.00,0.00,46.82,2212,2,6.61,2.00,18.29,200,78,6.00,0.00,39.61,2212,31,4.17,3.00,5.33,313,116
@oven/bun-windows-x64-baseline,1.3.14,0,0,0,0,0.00,0.00,0.00,0,0,0.00,0.00,0.00,0,0,0.00,0.00,0.00,0,0,0.00,0.00,0.00,0,0,0.00,0.00,0.00,0,0,0.00,0.00,0.00,0,0
ffprobe-static,3.1.0,167,1,0.006,2,2.50,2.50,0.50,3,0,0.50,0.50,0.50,1,0,0.50,0.50,0.50,1,0,0.00,0.00,0.00,0,0,0.50,0.50,0.50,1,0,4.00,4.00,0.00,4,0
@node-llama-cpp/linux-x64-cuda-ext,3.18.1,0,0,0,1,3.00,3.00,0.00,3,0,0.00,0.00,0.00,0,0,0.00,0.00,0.00,0,0,0.00,0.00,0.00,0,0,1.00,1.00,0.00,1,0,0.00,0.00,0.00,0,0
@highcharts/map-collection,2.3.2,15,0,0,556,0.00,0.00,0.00,0,0,0.00,0.00,0.00,0,0,0.00,0.00,0.00,0,0,0.00,0.00,0.00,0,0,0.00,0.00,0.00,0,0,0.00,0.00,0.00,0,0
@lancedb/lancedb-linux-x64-musl,0.29.0,0,0,0,0,0.00,0.00,0.00,0,0,0.00,0.00,0.00,0,0,0.00,0.00,0.00,0,0,0.00,0.00,0.00,0,0,0.00,0.00,0.00,0,0,0.00,0.00,0.00,0,0
@evilmartians/lefthook,2.1.6,5648,0,0,3,1.67,2.00,0.47,2,0,0.67,0.00,0.94,2,0,0.67,1.00,0.47,1,0,0.00,0.00,0.00,0,0,1.00,1.00,0.00,1,0,1.33,1.00,1.25,3,0
@github/copilot-language-server,1.489.0,5,7,0.5833,25,76.84,1.00,190.78,717,1,0.12,0.00,0.32,1,0,0.12,0.00,0.43,2,1,18.12,2.00,27.21,98,0,3089.68,30.00,8152.50,30456,1,2.87,1.00,13.58,2069,271
@lancedb/lancedb-linux-arm64-gnu,0.29.0,0,0,0,0,0.00,0.00,0.00,0,0,0.00,0.00,0.00,0,0,0.00,0.00,0.00,0,0,0.00,0.00,0.00,0,0,0.00,0.00,0.00,0,0,0.00,0.00,0.00,0,0
@progress/kendo-angular-intl,23.4.0,299,10,0.0324,3077,1.00,1.00,0.11,4,6,0.00,0.00,0.00,0,0,0.00,0.00,0.00,0,0,0.00,0.00,0.10,5,5,0.00,0.00,0.22,12,2,1.00,1.00,1.04,3,0
@ibm/plex,6.4.1,46,27,0.3699,0,0.00,0.00,0.00,0,0,0.00,0.00,0.00,0,0,0.00,0.00,0.00,0,0,0.00,0.00,0.00,0,0,0.00,0.00,0.00,0,0,0.00,0.00,0.00,0,0
@eth-optimism/contracts-bedrock,0.17.3,24,4,0.1429,0,0.00,0.00,0.00,0,0,0.00,0.00,0.00,0,0,0.00,0.00,0.00,0,0,0.00,0.00,0.00,0,0,0.00,0.00,0.00,0,0,0.00,0.00,0.00,0,0
@aws-amplify/graphql-api-construct,1.21.3,5,154,0.9686,29252,1.32,1.00,2.24,65,464,0.51,0.00,3.92,348,129,0.51,0.00,1.52,65,289,0.15,0.00,1.02,40,146,2.42,0.00,21.89,2527,158,2.76,1.00,7.10,324,752
react-native-skia-android,147.1.0,2,0,0,0,0.00,0.00,0.00,0,0,0.00,0.00,0.00,0,0,0.00,0.00,0.00,0,0,0.00,0.00,0.00,0,0,0.00,0.00,0.00,0,0,0.00,0.00,0.00,0,0
react-native-skia-apple-ios,147.1.0,2,0,0,0,0.00,0.00,0.00,0,0,0.00,0.00,0.00,0,0,0.00,0.00,0.00,0,0,0.00,0.00,0.00,0,0,0.00,0.00,0.00,0,0,0.00,0.00,0.00,0,0
@trufflesuite/uws-js-unofficial,20.30.0-unofficial.0,19,5,0.2083,21,2.19,2.00,2.04,8,0,1.10,1.00,1.02,3,0,1.10,1.00,1.27,4,0,0.76,1.00,0.87,3,0,12.14,3.00,41.21,196,1,2.25,1.00,4.13,42,4
react-native-skia-apple-tvos,147.1.0,2,0,0,0,0.00,0.00,0.00,0,0,0.00,0.00,0.00,0,0,0.00,0.00,0.00,0,0,0.00,0.00,0.00,0,0,0.00,0.00,0.00,0,0,0.00,0.00,0.00,0,0
@aws-amplify/data-construct,1.17.3,1,153,0.9935,28486,1.32,1.00,2.25,65,455,0.52,0.00,3.94,348,127,0.52,0.00,1.53,65,285,0.15,0.00,1.03,40,146,2.47,0.00,22.17,2527,158,2.77,1.00,7.12,324,752
@bufbuild/buf-darwin-arm64,1.69.0,0,0,0,0,0.00,0.00,0.00,0,0,0.00,0.00,0.00,0,0,0.00,0.00,0.00,0,0,0.00,0.00,0.00,0,0,0.00,0.00,0.00,0,0,0.00,0.00,0.00,0,0
@zed-industries/codex-acp-win32-x64,0.14.0,0,0,0,0,0.00,0.00,0.00,0,0,0.00,0.00,0.00,0,0,0.00,0.00,0.00,0,0,0.00,0.00,0.00,0,0,0.00,0.00,0.00,0,0,0.00,0.00,0.00,0,0
@zed-industries/codex-acp-linux-arm64,0.14.0,0,0,0,0,0.00,0.00,0.00,0,0,0.00,0.00,0.00,0,0,0.00,0.00,0.00,0,0,0.00,0.00,0.00,0,0,0.00,0.00,0.00,0,0,0.00,0.00,0.00,0,0
datamaps,0.5.10,32,12,0.2727,822,2.87,2.00,2.49,32,13,0.32,0.00,1.71,34,11,0.32,0.00,0.96,9,17,0.00,0.00,0.03,1,1,50.70,68.00,79.82,1445,4,4.89,2.00,7.20,110,1069
@anthropic-ai/claude-code-linux-arm64,2.1.144,0,0,0,0,0.00,0.00,0.00,0,0,0.00,0.00,0.00,0,0,0.00,0.00,0.00,0,0,0.00,0.00,0.00,0,0,0.00,0.00,0.00,0,0,0.00,0.00,0.00,0,0
git-cz,4.9.0,2221,30,0.0133,3,1013.67,1514.00,716.08,1526,0,0.33,0.00,0.47,1,0,0.33,0.00,0.47,1,0,16.00,24.00,11.31,24,0,2280.33,3403.00,1612.50,3438,0,2.07,1.00,7.45,341,12
@bufbuild/buf-win32-x64,1.69.0,0,0,0,0,0.00,0.00,0.00,0,0,0.00,0.00,0.00,0,0,0.00,0.00,0.00,0,0,0.00,0.00,0.00,0,0,0.00,0.00,0.00,0,0,0.00,0.00,0.00,0,0
opencode-linux-arm64,1.15.5,1,0,0,0,0.00,0.00,0.00,0,0,0.00,0.00,0.00,0,0,0.00,0.00,0.00,0,0,0.00,0.00,0.00,0,0,0.00,0.00,0.00,0,0,0.00,0.00,0.00,0,0
@kilocode/cli-linux-x64-baseline-musl,7.3.0,0,0,0,0,0.00,0.00,0.00,0,0,0.00,0.00,0.00,0,0,0.00,0.00,0.00,0,0,0.00,0.00,0.00,0,0,0.00,0.00,0.00,0,0,0.00,0.00,0.00,0,0
@zed-industries/codex-acp-darwin-arm64,0.14.0,1,0,0,0,0.00,0.00,0.00,0,0,0.00,0.00,0.00,0,0,0.00,0.00,0.00,0,0,0.00,0.00,0.00,0,0,0.00,0.00,0.00,0,0,0.00,0.00,0.00,0,0
devicon,2.17.0,12,9,0.4286,3,3.00,0.00,4.24,9,0,0.00,0.00,0.00,0,0,0.00,0.00,0.00,0,0,0.00,0.00,0.00,0,0,14.00,15.00,11.05,27,0,2.19,1.00,2.31,9,0
@kilocode/cli-linux-x64,7.3.0,0,0,0,0,0.00,0.00,0.00,0,0,0.00,0.00,0.00,0,0,0.00,0.00,0.00,0,0,0.00,0.00,0.00,0,0,0.00,0.00,0.00,0,0,0.00,0.00,0.00,0,0
opencode-linux-arm64-musl,1.15.5,0,0,0,0,0.00,0.00,0.00,0,0,0.00,0.00,0.00,0,0,0.00,0.00,0.00,0,0,0.00,0.00,0.00,0,0,0.00,0.00,0.00,0,0,0.00,0.00,0.00,0,0
@node-llama-cpp/win-x64-cuda,3.18.1,0,0,0,1,3.00,3.00,0.00,3,0,0.00,0.00,0.00,0,0,0.00,0.00,0.00,0,0,0.00,0.00,0.00,0,0,1.00,1.00,0.00,1,0,0.00,0.00,0.00,0,0
@kilocode/cli-linux-x64-musl,7.3.0,0,0,0,0,0.00,0.00,0.00,0,0,0.00,0.00,0.00,0,0,0.00,0.00,0.00,0,0,0.00,0.00,0.00,0,0,0.00,0.00,0.00,0,0,0.00,0.00,0.00,0,0
@bufbuild/buf-darwin-x64,1.69.0,0,0,0,0,0.00,0.00,0.00,0,0,0.00,0.00,0.00,0,0,0.00,0.00,0.00,0,0,0.00,0.00,0.00,0,0,0.00,0.00,0.00,0,0,0.00,0.00,0.00,0,0
@bufbuild/buf-win32-arm64,1.69.0,0,0,0,0,0.00,0.00,0.00,0,0,0.00,0.00,0.00,0,0,0.00,0.00,0.00,0,0,0.00,0.00,0.00,0,0,0.00,0.00,0.00,0,0,0.00,0.00,0.00,0,0
@kilocode/cli-linux-x64-baseline,7.3.0,0,0,0,0,0.00,0.00,0.00,0,0,0.00,0.00,0.00,0,0,0.00,0.00,0.00,0,0,0.00,0.00,0.00,0,0,0.00,0.00,0.00,0,0,0.00,0.00,0.00,0,0
n8n-editor-ui,2.16.2,14,0,0,635,3.71,0.00,6.95,99,8,3.70,0.00,19.18,247,9,3.70,0.00,6.93,98,8,0.14,0.00,1.30,21,5,237.85,27.00,1339.07,26924,6,2.79,1.00,14.71,2797,535
fast-geoip,1.1.88,11,2,0.1538,4,1.00,0.00,1.73,4,0,0.50,0.50,0.50,1,0,0.50,0.00,0.87,2,0,0.00,0.00,0.00,0,0,6.25,2.50,8.20,20,0,2.00,2.00,2.02,8,0
@lancedb/lancedb-win32-arm64-msvc,0.29.0,0,0,0,0,0.00,0.00,0.00,0,0,0.00,0.00,0.00,0,0,0.00,0.00,0.00,0,0,0.00,0.00,0.00,0,0,0.00,0.00,0.00,0,0,0.00,0.00,0.00,0,0
@concordium/web-sdk,12.0.2,9,43,0.8269,529,3.87,2.00,7.83,80,5,2.79,0.00,6.80,88,9,2.79,1.00,4.31,29,12,5.35,0.00,44.74,489,6,40.29,0.00,435.16,7438,3,4.30,1.00,29.13,2158,108
@cdktf/provider-datadog,12.15.2,1,17,0.9444,432,2.55,2.00,12.70,188,2,1.13,0.00,1.30,7,2,1.13,0.00,12.80,188,2,21.70,2.00,50.31,200,2,23.46,0.00,82.76,384,24,5.93,6.00,5.41,44,49
@adguard/dnr-rulesets,4.1.20260519060101,0,39,1,17,2.18,0.00,4.83,18,1,0.00,0.00,0.00,0,0,0.00,0.00,0.00,0,0,12.82,0.00,45.28,193,1,532.59,0.00,1004.14,3298,0,2.97,2.00,7.23,202,85
@progress/kendo-ui,2026.1.415,53,22,0.2933,3789,2.14,0.00,10.77,184,70,2.12,0.00,11.59,212,72,2.12,0.00,10.77,184,70,0.12,0.00,5.14,315,1,38.70,1.00,569.83,23079,6,3.80,2.00,8.74,1415,1352
@node-llama-cpp/win-x64-cuda-ext,3.18.1,0,0,0,1,3.00,3.00,0.00,3,0,0.00,0.00,0.00,0,0,0.00,0.00,0.00,0,0,0.00,0.00,0.00,0,0,1.00,1.00,0.00,1,0,0.00,0.00,0.00,0,0
@cdxgen/cdxgen-plugins-bin-linux-amd64,2.1.1,0,0,0,1,0.00,0.00,0.00,0,0,0.00,0.00,0.00,0,0,0.00,0.00,0.00,0,0,0.00,0.00,0.00,0,0,0.00,0.00,0.00,0,0,0.00,0.00,0.00,0,0
minecraft-data,3.110.2,126,7,0.0526,35,73.63,3.00,401.94,2417,1,0.51,0.00,1.25,7,1,0.51,0.00,0.81,4,1,0.00,0.00,0.00,0,0,5.03,4.00,4.41,15,0,3.99,2.00,6.10,43,6
polyfill-library,4.8.0,27,68,0.7158,6760,0.00,0.00,0.13,9,2,0.00,0.00,0.01,1,1,0.00,0.00,0.01,1,1,0.00,0.00,0.00,0,0,0.84,0.00,8.39,277,48,2.63,1.00,4.17,45,126
pspdfkit,2024.8.2,5,1,0.1667,82,0.33,0.00,1.20,6,3,0.02,0.00,0.15,1,2,0.02,0.00,0.15,1,2,7.22,0.00,46.63,410,1,370.24,2.00,2799.69,25518,1,2.73,1.00,10.07,803,203
@github/copilot-darwin-arm64,1.0.50,0,0,0,0,0.00,0.00,0.00,0,0,0.00,0.00,0.00,0,0,0.00,0.00,0.00,0,0,0.00,0.00,0.00,0,0,0.00,0.00,0.00,0,0,0.00,0.00,0.00,0,0
@op-engineering/op-sqlite,16.0.0,50,11,0.1803,38,0.71,1.00,0.76,3,1,0.32,0.00,0.76,4,1,0.32,0.00,0.57,2,0,0.32,0.00,0.46,1,0,6.50,0.00,16.67,67,2,1.84,1.00,2.53,19,6
@prisma/sdk,4.0.0,242,60,0.1987,185,1.88,1.00,4.77,51,2,0.76,0.00,1.22,8,4,0.76,0.00,3.68,47,2,0.09,0.00,0.38,3,2,5.79,0.00,10.07,85,5,2.02,1.00,3.73,46,21
@cdktf/provider-google,16.12.1,32,17,0.3469,2962,2.49,2.00,38.15,1470,2,1.00,0.00,1.00,3,0,1.00,0.00,38.18,1470,2,7.49,2.00,15.04,200,72,7.43,0.00,34.83,1470,24,4.21,3.00,4.20,59,244
@syncfusion/ej2,33.2.7,23,51,0.6892,105,2.39,1.00,8.25,51,3,1.44,0.00,1.49,3,0,1.44,0.00,8.39,51,3,0.02,0.00,0.19,2,1,586.81,0.00,5946.97,61234,1,6.26,2.00,99.15,24416,7
oh-my-opencode-windows-x64,4.2.2,1,0,0,0,0.00,0.00,0.00,0,0,0.00,0.00,0.00,0,0,0.00,0.00,0.00,0,0,0.00,0.00,0.00,0,0,0.00,0.00,0.00,0,0,0.00,0.00,0.00,0,0
@nutrient-sdk/viewer,1.15.0,0,1,1,65,0.31,0.00,1.11,6,2,0.03,0.00,0.17,1,2,0.03,0.00,0.17,1,2,10.12,0.00,58.89,470,1,585.69,0.00,4107.21,33420,1,2.41,1.00,7.31,644,350
distilled-aws,0.1.1,2,20,0.9091,1401,8.84,9.00,2.94,20,3,4.68,0.00,46.32,832,14,4.68,4.00,1.91,15,3,12.46,7.00,21.66,228,24,112.61,43.00,216.44,3166,16,4.55,3.00,7.13,874,1652
@amcharts/amcharts5-geodata,5.1.5,6,1,0.1429,2366,0.04,0.00,0.18,1,83,0.04,0.00,1.67,81,1,0.04,0.00,0.18,1,83,0.00,0.00,0.00,0,0,0.46,0.00,22.57,1098,1,2.00,0.00,66.18,2194,1
oh-my-opencode-windows-x64-baseline,4.2.2,1,0,0,0,0.00,0.00,0.00,0,0,0.00,0.00,0.00,0,0,0.00,0.00,0.00,0,0,0.00,0.00,0.00,0,0,0.00,0.00,0.00,0,0,0.00,0.00,0.00,0,0
@cdktf/provider-kubernetes,12.1.1,8,17,0.68,318,2.27,2.00,8.52,109,2,0.99,0.00,1.05,3,0,0.99,0.00,8.61,109,2,37.14,5.00,61.11,200,0,36.32,0.00,89.54,339,14,5.48,5.00,5.38,45,126
@azure/mcp-linux-x64,3.0.0-beta.10,1,0,0,1,4.00,4.00,0.00,4,0,0.00,0.00,0.00,0,0,0.00,0.00,0.00,0,0,0.00,0.00,0.00,0,0,7.00,7.00,0.00,7,0,3.29,1.00,4.80,15,0
oh-my-openagent-linux-x64,4.2.2,0,0,0,0,0.00,0.00,0.00,0,0,0.00,0.00,0.00,0,0,0.00,0.00,0.00,0,0,0.00,0.00,0.00,0,0,0.00,0.00,0.00,0,0,0.00,0.00,0.00,0,0
unicode-9.0.0,0.7.5,30,0,0,2231,0.09,0.00,0.28,1,190,0.00,0.00,0.00,0,0,0.00,0.00,0.00,0,0,0.00,0.00,0.00,0,0,0.00,0.00,0.00,0,0,0.00,0.00,0.00,0,0
@neo4j-cypher/language-support,2.0.0-next.6,5,7,0.5833,105,16.07,2.00,70.67,371,4,1.10,0.00,2.92,16,5,1.10,0.00,1.60,7,4,9.68,0.00,54.46,383,2,645.05,0.00,3720.43,22534,3,4.21,1.00,105.31,15478,60
opencode-windows-arm64,1.15.5,0,0,0,0,0.00,0.00,0.00,0,0,0.00,0.00,0.00,0,0,0.00,0.00,0.00,0,0,0.00,0.00,0.00,0,0,0.00,0.00,0.00,0,0,0.00,0.00,0.00,0,0
realm,20.2.0,151,21,0.1221,286,2.12,1.00,3.10,23,5,1.79,0.00,5.41,56,5,1.79,0.00,3.01,23,5,0.63,0.00,3.17,31,3,1.17,0.00,3.40,35,6,1.87,1.00,3.98,36,5
oh-my-openagent-windows-x64,4.2.2,0,0,0,0,0.00,0.00,0.00,0,0,0.00,0.00,0.00,0,0,0.00,0.00,0.00,0,0,0.00,0.00,0.00,0,0,0.00,0.00,0.00,0,0,0.00,0.00,0.00,0,0
oh-my-openagent-windows-x64-baseline,4.2.2,0,0,0,0,0.00,0.00,0.00,0,0,0.00,0.00,0.00,0,0,0.00,0.00,0.00,0,0,0.00,0.00,0.00,0,0,0.00,0.00,0.00,0,0,0.00,0.00,0.00,0,0
@asyncapi/studio,1.3.0,3,76,0.962,2919,2.39,0.00,12.34,581,14,1.81,1.00,5.16,130,33,1.81,0.00,11.97,581,9,1.24,0.00,14.59,405,10,37.39,3.00,202.45,3990,37,3.23,1.00,12.99,1614,660
@anthropic-ai/claude-code-darwin-x64,2.1.144,0,0,0,0,0.00,0.00,0.00,0,0,0.00,0.00,0.00,0,0,0.00,0.00,0.00,0,0,0.00,0.00,0.00,0,0,0.00,0.00,0.00,0,0,0.00,0.00,0.00,0,0
cldr,8.0.0,39,26,0.4,49,2.24,2.00,1.91,14,1,0.98,0.00,5.37,38,1,0.98,1.00,0.68,5,1,0.00,0.00,0.00,0,0,6.35,3.00,14.51,103,1,2.59,2.00,3.46,44,4
@pnpm/linux-arm64,11.1.3,1,1,0.5,0,0.00,0.00,0.00,0,0,0.00,0.00,0.00,0,0,0.00,0.00,0.00,0,0,0.00,0.00,0.00,0,0,0.00,0.00,0.00,0,0,0.00,0.00,0.00,0,0
google-closure-compiler-osx,20240317.0.0,3,0,0,1,1.00,1.00,0.00,1,0,0.00,0.00,0.00,0,0,0.00,0.00,0.00,0,0,0.00,0.00,0.00,0,0,0.00,0.00,0.00,0,0,0.00,0.00,0.00,0,0
@gitlab/web-ide,0.0.1-dev-20260106142046,0,1,1,431,2.67,0.00,33.00,664,2,0.36,0.00,1.93,26,5,0.36,0.00,1.73,17,7,6.86,0.00,28.49,227,16,443.65,1.00,2778.29,46314,3,2.58,1.00,12.91,2527,575
oh-my-opencode-linux-x64,4.2.2,1,0,0,0,0.00,0.00,0.00,0,0,0.00,0.00,0.00,0,0,0.00,0.00,0.00,0,0,0.00,0.00,0.00,0,0,0.00,0.00,0.00,0,0,0.00,0.00,0.00,0,0
@shabados/database,5.0.0-next.0,0,14,1,10,4.90,3.50,5.34,20,0,0.50,0.00,0.67,2,0,0.50,0.00,0.67,2,0,0.00,0.00,0.00,0,0,2.80,1.50,2.64,8,0,3.96,2.00,4.28,16,0
@tabler/icons-webfont,3.44.0,11,13,0.5417,0,0.00,0.00,0.00,0,0,0.00,0.00,0.00,0,0,0.00,0.00,0.00,0,0,0.00,0.00,0.00,0,0,0.00,0.00,0.00,0,0,0.00,0.00,0.00,0,0
azure,2.3.1-preview,110,118,0.5175,26282,2.37,1.00,6.34,330,219,1.95,1.00,10.51,348,123,1.95,1.00,5.94,329,180,0.30,0.00,1.09,42,53,9.51,1.00,102.17,4417,161,3.61,2.00,16.45,992,501
@deno/linux-x64-glibc,2.7.14,0,0,0,0,0.00,0.00,0.00,0,0,0.00,0.00,0.00,0,0,0.00,0.00,0.00,0,0,0.00,0.00,0.00,0,0,0.00,0.00,0.00,0,0,0.00,0.00,0.00,0,0
@aztec/bb.js,4.2.1,85,24,0.2202,441,1.41,1.00,1.94,9,8,0.85,0.00,1.57,10,10,0.85,0.00,1.34,8,13,0.44,0.00,0.77,4,7,4.85,0.00,23.58,242,4,1.42,1.00,3.85,85,18
@amcharts/amcharts4-geodata,4.1.31,16,0,0,2366,0.50,0.00,0.50,1,0,0.50,0.00,22.61,1097,2,0.50,0.00,0.50,1,0,0.00,0.00,0.00,0,0,0.00,0.00,0.00,0,0,0.00,0.00,0.00,0,0
@cdktf/provider-azurerm,14.23.1,12,17,0.5862,3058,2.50,1.50,39.00,1527,2,1.00,0.00,1.00,2,0,1.00,0.00,39.04,1527,2,5.49,2.00,9.04,100,80,5.64,0.00,30.22,1527,14,4.51,3.00,4.83,46,159
@imgly/background-removal-node,1.4.5,24,21,0.4667,10,3.60,2.00,4.27,12,0,0.00,0.00,0.00,0,0,0.00,0.00,0.00,0,0,0.10,0.00,0.30,1,0,6.20,0.00,12.60,36,0,3.69,3.00,4.01,17,2
gsd-pi,3.0.0,1,47,0.9792,6712,3.43,2.00,8.96,583,36,1.90,1.00,6.91,285,66,1.90,1.00,8.23,583,31,0.35,0.00,3.40,131,32,19.26,4.00,118.52,4057,44,3.59,1.00,9.87,861,1037
@bitgo-forks/cryptocurrency-icons,0.102.0,0,15,1,2274,1.00,1.00,0.03,1,0,0.00,0.00,0.00,0,0,0.00,0.00,0.00,0,0,0.00,0.00,0.00,0,0,1.00,1.00,0.04,1,0,10.27,4.00,67.38,2073,10
@github/copilot-linux-arm64,1.0.50,0,0,0,0,0.00,0.00,0.00,0,0,0.00,0.00,0.00,0,0,0.00,0.00,0.00,0,0,0.00,0.00,0.00,0,0,0.00,0.00,0.00,0,0,0.00,0.00,0.00,0,0
botframework-webchat,4.18.2,28,52,0.65,316,3.67,2.00,7.04,102,3,1.41,1.00,1.87,10,6,1.41,1.00,2.83,28,5,0.99,0.00,12.13,153,2,160.79,1.00,1627.22,20107,3,2.68,1.00,30.49,4254,11
@lenml/tokenizer-gemma3,3.7.2,0,6,1,6,1.33,1.00,0.94,3,0,0.17,0.00,0.37,1,0,0.17,0.00,0.37,1,0,0.00,0.00,0.00,0,0,92.33,17.50,172.87,477,0,2.68,1.00,22.05,514,1
liquibase,4.28.1,8,15,0.6522,75,0.28,0.00,0.76,3,4,0.03,0.00,0.16,1,2,0.03,0.00,0.23,2,1,0.05,0.00,0.22,1,4,4.47,0.00,21.55,111,3,1.22,1.00,0.93,6,4
@cyclonedx/cdxgen-plugins-bin-linux-amd64,1.8.0,0,0,0,1,0.00,0.00,0.00,0,0,0.00,0.00,0.00,0,0,0.00,0.00,0.00,0,0,0.00,0.00,0.00,0,0,0.00,0.00,0.00,0,0,0.00,0.00,0.00,0,0
@restatedev/restate-server-linux-x64,1.6.2,0,0,0,0,0.00,0.00,0.00,0,0,0.00,0.00,0.00,0,0,0.00,0.00,0.00,0,0,0.00,0.00,0.00,0,0,0.00,0.00,0.00,0,0,0.00,0.00,0.00,0,0
permitio,2.7.5,5,39,0.8864,1454,3.30,0.00,11.33,108,30,0.68,0.00,3.19,56,14,0.68,0.00,1.46,19,11,0.13,0.00,0.41,4,26,36.93,0.00,260.34,2355,20,3.64,1.00,7.64,255,335
@restatedev/restate-linux-x64,1.6.2,0,0,0,0,0.00,0.00,0.00,0,0,0.00,0.00,0.00,0,0,0.00,0.00,0.00,0,0,0.00,0.00,0.00,0,0,0.00,0.00,0.00,0,0,0.00,0.00,0.00,0,0
dwt,19.3.3,14,1,0.0667,23,1.87,1.00,2.03,8,1,0.00,0.00,0.00,0,0,0.00,0.00,0.00,0,0,0.00,0.00,0.00,0,0,706.74,0.00,1748.60,5755,0,3.47,2.00,12.89,1005,49
@buildonspark/spark-sdk,0.8.1,18,43,0.7049,346,4.68,3.00,6.96,64,8,2.67,1.00,5.48,45,8,2.67,1.00,4.47,52,3,0.67,0.00,2.81,27,7,43.73,3.00,192.95,1562,8,2.08,1.00,5.79,138,204
@atlaspack/rust,3.29.2,19,2,0.0952,4,10.00,0.50,16.75,39,0,0.00,0.00,0.00,0,0,0.00,0.00,0.00,0,0,2.75,2.50,2.77,6,0,1.25,0.50,1.64,4,0,3.60,2.00,2.06,7,0
serverless-offline-aws-eventbridge,2.2.4,1,27,0.9643,13216,2.90,2.00,10.24,799,35,1.74,1.00,10.20,482,55,1.74,1.00,6.95,386,36,0.15,0.00,0.82,25,68,5.67,1.00,68.62,5359,45,2.57,1.00,5.93,742,625
@wppconnect/wa-version,1.5.3966,19,25,0.5682,28,2.07,1.00,2.64,12,1,1.07,0.00,2.25,11,1,1.07,0.00,2.30,12,1,0.00,0.00,0.00,0,0,6.54,0.00,7.36,17,0,1.78,1.00,2.23,12,1
@xmtp/node-bindings,1.10.0,2,15,0.8824,2,41.50,41.50,41.50,83,0,0.00,0.00,0.00,0,0,0.00,0.00,0.00,0,0,8.50,8.50,8.50,17,0,3.50,3.50,3.50,7,0,22.43,3.00,49.64,144,0
@livestore/common-cf,0.0.0-snapshot-8452e32b7fbfc129741b253b9c853f866b52129f,1,6,0.8571,132,1.23,1.00,1.27,5,0,0.19,0.00,0.81,7,2,0.19,0.00,0.46,3,2,1.11,0.00,2.10,6,0,1704.39,0.00,4024.04,11535,0,1.69,1.00,3.21,81,3478
jqwidgets-framework,25.1.0,6,0,0,10689,1.95,2.00,1.85,29,41,0.44,0.00,1.93,145,20,0.44,0.00,0.96,28,56,0.02,0.00,0.26,16,115,15.43,0.00,166.94,9383,94,4.65,2.00,10.30,305,2704
aerospike,6.7.0,32,31,0.4921,215,3.10,2.00,4.67,57,3,1.68,0.00,7.77,82,2,1.68,1.00,3.21,36,3,0.57,0.00,5.11,75,1,20.91,6.00,41.99,292,5,4.17,2.00,4.84,100,37
openapi-directory,1.3.17,2,19,0.9048,12,1.00,0.00,1.53,5,0,0.50,0.00,0.65,2,0,0.50,0.00,0.87,2,0,0.17,0.00,0.37,1,0,1.83,0.50,2.88,10,0,1.91,1.00,3.60,17,1
gdal-async,3.12.3,19,38,0.6667,305,2.69,1.00,4.48,41,4,1.36,0.00,2.44,16,8,1.36,1.00,2.97,41,2,0.90,0.00,3.89,56,6,9.65,1.00,35.98,428,3,2.46,1.00,4.13,53,42
@qingchencloud/openclaw-zh,2026.5.12-zh.2,0,76,1,11041,3.04,1.00,6.94,230,173,2.08,0.00,13.38,1023,64,2.08,0.00,6.53,223,165,0.02,0.00,0.34,21,21,7.26,0.00,55.99,4243,54,3.16,1.00,6.83,447,1004
@pnpm/macos-arm64,11.1.3,1,1,0.5,0,0.00,0.00,0.00,0,0,0.00,0.00,0.00,0,0,0.00,0.00,0.00,0,0,0.00,0.00,0.00,0,0,0.00,0.00,0.00,0,0,0.00,0.00,0.00,0,0
electron-apps,1.9312.0,3,41,0.9318,29,4.59,4.00,3.56,15,0,0.83,0.00,1.39,6,1,0.83,1.00,1.05,4,1,0.00,0.00,0.00,0,0,7.83,3.00,11.51,47,2,3.05,2.00,3.02,15,4
@aztec/l1-artifacts,4.2.1,22,5,0.1852,155,0.01,0.00,0.16,2,1,0.00,0.00,0.00,0,0,0.00,0.00,0.00,0,0,0.00,0.00,0.00,0,0,0.15,0.00,1.92,24,1,1.79,1.00,1.76,7,0
choerodon-ui,1.6.7,24,220,0.9016,5684,4.47,2.00,7.50,79,120,2.00,0.00,6.93,183,76,2.00,1.00,4.01,72,114,0.09,0.00,0.31,3,25,29.94,0.00,688.06,20954,8,4.05,2.00,10.84,1204,1932
rocksdb-native,3.15.1,11,20,0.6452,9,2.78,2.00,2.82,9,0,1.78,1.00,1.40,5,0,1.78,1.00,1.99,6,0,0.78,0.00,1.55,5,0,1.89,0.00,4.65,15,0,0.82,0.00,0.98,2,0
@mchp-mcc/pic-16bit,5.16.0,74,22,0.2292,0,0.00,0.00,0.00,0,0,0.00,0.00,0.00,0,0,0.00,0.00,0.00,0,0,0.00,0.00,0.00,0,0,0.00,0.00,0.00,0,0,0.00,0.00,0.00,0,0
omniroute,3.7.9,0,76,1,4911,5.12,1.00,15.15,583,74,1.59,1.00,7.81,340,26,1.59,0.00,9.75,583,22,0.61,0.00,5.93,207,29,35.27,3.00,187.13,5589,44,3.17,1.00,12.01,1865,1049
@elasticprojects/abstract-cli,13.4.5,2,3,0.6,3,1.33,1.00,1.25,3,0,0.33,0.00,0.47,1,0,0.33,0.00,0.47,1,0,0.00,0.00,0.00,0,0,8.33,9.00,4.11,13,0,2.80,3.00,1.67,9,1
@codemod.com/cli-linux-x64-gnu,1.10.5,0,0,0,0,0.00,0.00,0.00,0,0,0.00,0.00,0.00,0,0,0.00,0.00,0.00,0,0,0.00,0.00,0.00,0,0,0.00,0.00,0.00,0,0,0.00,0.00,0.00,0,0
@central-icons-react/all,1.1.238,0,6,1,9,1.11,1.00,1.10,3,0,0.22,0.00,0.42,1,0,0.22,0.00,0.63,2,0,0.00,0.00,0.00,0,0,2.33,1.00,3.16,9,0,1.67,2.00,1.64,6,0
@embedded-postgres/darwin-arm64,18.3.0-beta.17,2,2,0.5,3,1.33,2.00,0.94,2,0,0.00,0.00,0.00,0,0,0.00,0.00,0.00,0,0,0.00,0.00,0.00,0,0,0.67,0.00,0.94,2,0,4.50,4.50,4.50,9,0
nw-gyp,3.6.8,21,17,0.4474,24,4.67,3.50,3.46,14,0,0.42,0.00,0.76,3,1,0.42,0.00,0.70,3,1,0.00,0.00,0.00,0,0,12.50,7.00,14.84,60,1,4.04,3.00,4.66,37,7
@matbee/libreoffice-converter,2.6.0,2,17,0.8947,21,4.38,3.00,3.96,12,0,0.05,0.00,0.21,1,1,0.05,0.00,0.21,1,1,1.29,0.00,2.91,10,0,93.24,20.00,159.69,568,0,3.02,2.00,7.27,184,16
react-fluentui-emoji,1.3.0,1,1,0.5,15779,1.50,1.00,37.60,3145,3,0.50,0.00,0.50,1,0,0.50,0.00,37.61,3145,3,0.00,0.00,0.00,0,0,1.50,0.00,1.50,3,0,31.48,2.00,108.88,4096,448
iso3166-2-db,2.3.11,14,10,0.4167,14,1.36,1.00,1.34,4,0,1.14,1.00,0.99,4,0,1.14,1.00,1.25,4,0,0.00,0.00,0.00,0,0,6.71,5.00,6.53,22,0,0.96,0.50,1.23,4,0
@antimatterhq/antimatter,2.0.5,0,8,1,60,2.67,2.00,2.87,18,2,1.33,0.50,3.29,14,4,1.33,0.00,2.55,14,2,0.20,0.00,0.91,5,2,4.95,0.50,8.06,36,1,2.46,3.00,2.04,12,6
@factory/cli-linux-x64,0.129.0,0,0,0,0,0.00,0.00,0.00,0,0,0.00,0.00,0.00,0,0,0.00,0.00,0.00,0,0,0.00,0.00,0.00,0,0,0.00,0.00,0.00,0,0,0.00,0.00,0.00,0,0
@gitbook/fontawesome-pro,1.0.23,1,1,0.5,3,0.00,0.00,0.00,0,0,0.00,0.00,0.00,0,0,0.00,0.00,0.00,0,0,0.00,0.00,0.00,0,0,0.67,0.00,0.94,2,0,2.00,2.00,1.00,3,0
doc999tor-fast-geoip,1.1.433,2,2,0.5,4,1.00,0.00,1.73,4,0,0.50,0.50,0.50,1,0,0.50,0.00,0.87,2,0,0.00,0.00,0.00,0,0,6.25,2.50,8.20,20,0,2.00,2.00,2.02,8,0
@factory/cli-linux-x64-baseline,0.129.0,0,0,0,0,0.00,0.00,0.00,0,0,0.00,0.00,0.00,0,0,0.00,0.00,0.00,0,0,0.00,0.00,0.00,0,0,0.00,0.00,0.00,0,0,0.00,0.00,0.00,0,0
@github/copilot-darwin-x64,1.0.50,0,0,0,0,0.00,0.00,0.00,0,0,0.00,0.00,0.00,0,0,0.00,0.00,0.00,0,0,0.00,0.00,0.00,0,0,0.00,0.00,0.00,0,0,0.00,0.00,0.00,0,0
gm-kilo,1.0.1,0,0,0,1,4.00,4.00,0.00,4,0,0.00,0.00,0.00,0,0,0.00,0.00,0.00,0,0,0.00,0.00,0.00,0,0,4.00,4.00,0.00,4,0,7.25,5.50,5.36,16,0
unicode-5.2.0,0.7.5,5,0,0,1387,0.11,0.00,0.32,1,0,0.00,0.00,0.00,0,0,0.00,0.00,0.00,0,0,0.00,0.00,0.00,0,0,0.00,0.00,0.00,0,0,0.00,0.00,0.00,0,0
stockfish,18.0.7,21,0,0,8,7.38,8.00,3.90,13,0,0.00,0.00,0.00,0,0,0.00,0.00,0.00,0,0,0.00,0.00,0.00,0,0,217.25,168.00,279.91,913,0,6.14,2.00,39.42,1303,7
node-bin-darwin-arm64,22.22.3,1,0,0,0,0.00,0.00,0.00,0,0,0.00,0.00,0.00,0,0,0.00,0.00,0.00,0,0,0.00,0.00,0.00,0,0,0.00,0.00,0.00,0,0,0.00,0.00,0.00,0,0
@zed-industries/codex-acp-darwin-x64,0.14.0,0,0,0,0,0.00,0.00,0.00,0,0,0.00,0.00,0.00,0,0,0.00,0.00,0.00,0,0,0.00,0.00,0.00,0,0,0.00,0.00,0.00,0,0,0.00,0.00,0.00,0,0
@microsoft/workiq,0.4.1,1,0,0,2,2.00,2.00,0.00,2,0,0.50,0.50,0.50,1,0,0.50,0.50,0.50,1,0,0.00,0.00,0.00,0,0,3.50,3.50,1.50,5,0,3.71,2.00,3.41,10,0
react-native-signature-capture,0.4.12,24,3,0.1111,10,1.90,3.00,1.58,4,0,0.10,0.00,0.30,1,0,0.10,0.00,0.30,1,0,0.30,0.00,0.46,1,0,0.80,0.50,1.17,4,0,1.00,1.00,0.71,2,0
gm-codex,2.0.1080,0,1,1,16,4.56,4.00,1.90,9,0,0.56,0.00,1.22,5,1,0.56,0.50,0.61,2,0,0.06,0.00,0.24,1,1,14.25,12.00,11.79,50,1,6.55,4.00,8.11,68,5
prismarine-viewer,1.33.0,26,31,0.5439,59,3.41,3.00,3.06,13,2,0.68,0.00,0.95,4,1,0.68,0.00,1.23,6,1,4.53,0.00,28.91,222,1,82.37,3.00,417.38,2482,2,2.43,1.00,5.00,135,80
@kilocode/cli-windows-x64,7.3.0,0,0,0,0,0.00,0.00,0.00,0,0,0.00,0.00,0.00,0,0,0.00,0.00,0.00,0,0,0.00,0.00,0.00,0,0,0.00,0.00,0.00,0,0,0.00,0.00,0.00,0,0
@kilocode/cli-windows-x64-baseline,7.3.0,0,0,0,0,0.00,0.00,0.00,0,0,0.00,0.00,0.00,0,0,0.00,0.00,0.00,0,0,0.00,0.00,0.00,0,0,0.00,0.00,0.00,0,0,0.00,0.00,0.00,0,0
@rivetkit/engine-cli-darwin-x64,2.2.1-pr.4600.252b48e,0,0,0,0,0.00,0.00,0.00,0,0,0.00,0.00,0.00,0,0,0.00,0.00,0.00,0,0,0.00,0.00,0.00,0,0,0.00,0.00,0.00,0,0,0.00,0.00,0.00,0,0
gm-cc,1.0.1,1,0,0,1,4.00,4.00,0.00,4,0,0.00,0.00,0.00,0,0,0.00,0.00,0.00,0,0,0.00,0.00,0.00,0,0,5.00,5.00,0.00,5,0,7.60,4.00,6.86,20,0
gm-qwen,2.0.1080,0,2,1,14,4.86,4.00,1.85,9,0,0.64,0.00,1.29,5,1,0.64,1.00,0.61,2,0,0.07,0.00,0.26,1,1,14.57,11.50,12.45,50,0,6.20,4.00,7.81,68,4
@expo/swiftlint,0.57.1,0,1,1,1,4.00,4.00,0.00,4,0,0.00,0.00,0.00,0,0,0.00,0.00,0.00,0,0,0.00,0.00,0.00,0,0,1.00,1.00,0.00,1,0,2.00,2.00,0.00,2,0
@syncfusion/ej2-cldr-data,33.2.3,0,0,0,0,0.00,0.00,0.00,0,0,0.00,0.00,0.00,0,0,0.00,0.00,0.00,0,0,0.00,0.00,0.00,0,0,0.00,0.00,0.00,0,0,0.00,0.00,0.00,0,0
code-server,4.117.0,3,19,0.8636,134,26.01,3.00,108.99,886,2,0.66,0.00,1.83,12,4,0.66,0.00,1.99,17,3,11.64,0.00,104.10,1207,1,1364.87,62.00,5142.35,47011,2,2.74,1.00,9.57,1104,1239
@rivetkit/engine-cli-darwin-arm64,2.2.1-pr.4600.252b48e,0,0,0,0,0.00,0.00,0.00,0,0,0.00,0.00,0.00,0,0,0.00,0.00,0.00,0,0,0.00,0.00,0.00,0,0,0.00,0.00,0.00,0,0,0.00,0.00,0.00,0,0
go-ios,1.0.213,1,1,0.5,2,3.50,3.50,0.50,4,0,0.00,0.00,0.00,0,0,0.00,0.00,0.00,0,0,0.00,0.00,0.00,0,0,9.50,9.50,4.50,14,0,3.11,2.00,2.97,10,0
@rivetkit/engine-cli-linux-x64-musl,2.2.1-pr.4600.252b48e,0,0,0,0,0.00,0.00,0.00,0,0,0.00,0.00,0.00,0,0,0.00,0.00,0.00,0,0,0.00,0.00,0.00,0,0,0.00,0.00,0.00,0,0,0.00,0.00,0.00,0,0
@mchp-mcc/pic-8bit,5.31.0,162,22,0.1196,0,0.00,0.00,0.00,0,0,0.00,0.00,0.00,0,0,0.00,0.00,0.00,0,0,0.00,0.00,0.00,0,0,0.00,0.00,0.00,0,0,0.00,0.00,0.00,0,0
kuzu,0.11.3,21,5,0.1923,53,2.19,1.00,1.69,6,0,0.68,0.00,1.19,6,2,0.68,0.00,1.31,6,2,0.36,0.00,0.68,4,1,9.96,3.00,17.37,64,2,4.42,3.00,5.26,59,8
unicode-8.0.0,0.7.5,22,0,0,2135,0.09,0.00,0.28,1,184,0.00,0.00,0.00,0,0,0.00,0.00,0.00,0,0,0.00,0.00,0.00,0,0,0.00,0.00,0.00,0,0,0.00,0.00,0.00,0,0
@rivetkit/engine-cli-linux-arm64-musl,2.2.1-pr.4600.252b48e,0,0,0,0,0.00,0.00,0.00,0,0,0.00,0.00,0.00,0,0,0.00,0.00,0.00,0,0,0.00,0.00,0.00,0,0,0.00,0.00,0.00,0,0,0.00,0.00,0.00,0,0
libav.js,6.8.8,5,2,0.2857,136,2.32,2.00,2.58,7,0,0.00,0.00,0.00,0,0,0.00,0.00,0.00,0,0,1.10,2.00,0.99,2,0,515.29,373.00,893.31,4728,5,8.01,2.00,63.55,5698,332
@anthropic-ai/claude-code-linux-arm64-musl,2.1.144,0,0,0,0,0.00,0.00,0.00,0,0,0.00,0.00,0.00,0,0,0.00,0.00,0.00,0,0,0.00,0.00,0.00,0,0,0.00,0.00,0.00,0,0,0.00,0.00,0.00,0,0
dirac-cli,0.3.44,0,26,1,1100,6.00,4.00,24.39,634,2,1.52,1.00,5.54,144,12,1.52,1.00,3.15,40,14,0.27,0.00,1.55,33,8,128.21,2.00,2864.39,69127,2,2.44,1.00,6.94,1222,1279
@faststore/core,4.1.1,6,74,0.925,571,3.29,2.00,4.50,36,15,0.63,0.00,2.30,42,6,0.63,0.00,1.32,13,11,0.02,0.00,0.12,1,9,3.31,1.00,7.64,90,10,2.67,2.00,3.21,36,37
node-darwin-x64,22.22.3,1,0,0,0,0.00,0.00,0.00,0,0,0.00,0.00,0.00,0,0,0.00,0.00,0.00,0,0,0.00,0.00,0.00,0,0,0.00,0.00,0.00,0,0,0.00,0.00,0.00,0,0
prismarine-web-client,1.6.0,0,38,1,34,2.50,2.00,4.70,28,1,0.91,1.00,1.34,8,1,0.91,0.00,3.36,20,1,14.50,1.00,72.70,431,1,397.32,4.00,1897.31,11093,1,2.85,1.00,10.46,400,71
cycletls,2.0.5,28,15,0.3488,2,7.00,7.00,5.00,12,0,0.00,0.00,0.00,0,0,0.00,0.00,0.00,0,0,2.00,2.00,2.00,4,0,36.50,36.50,36.50,73,0,2.10,1.00,2.98,20,2
iobroker.lovelace,5.0.5,0,23,1,1891,0.07,0.00,1.20,50,6,0.04,0.00,0.68,22,4,0.04,0.00,0.81,34,3,3.18,2.00,6.80,130,18,115.31,65.00,228.30,3106,22,2.84,1.00,6.31,942,3576
@cdktf/provider-google-beta,16.12.1,2,17,0.8947,3266,2.49,2.00,40.09,1622,2,1.00,0.00,1.00,3,0,1.00,0.00,40.13,1622,2,7.27,2.00,14.86,200,80,7.20,0.00,35.60,1622,23,4.19,3.00,4.21,61,253
teradatasql,20.0.58,2,1,0.3333,47,1.53,1.00,1.44,7,2,0.30,0.00,0.92,4,1,0.30,0.00,0.82,4,2,0.38,0.00,1.23,6,2,6.36,6.00,6.18,43,1,2.09,1.00,9.20,151,2
@anthropic-ai/claude-code-win32-arm64,2.1.144,0,0,0,0,0.00,0.00,0.00,0,0,0.00,0.00,0.00,0,0,0.00,0.00,0.00,0,0,0.00,0.00,0.00,0,0,0.00,0.00,0.00,0,0,0.00,0.00,0.00,0,0
@turbo/gen-windows-64,2.8.16,0,0,0,0,0.00,0.00,0.00,0,0,0.00,0.00,0.00,0,0,0.00,0.00,0.00,0,0,0.00,0.00,0.00,0,0,0.00,0.00,0.00,0,0,0.00,0.00,0.00,0,0
@material-symbols-svg/react-rounded,0.1.22,1,18,0.9474,7616,1.50,1.00,0.50,2,0,1.00,0.00,61.55,3799,2,1.00,1.00,0.05,1,0,0.00,0.00,0.00,0,0,0.00,0.00,0.02,2,1,2.50,2.50,1.50,4,0
@carbon/icons-angular,11.2.2,10,13,0.5652,11436,1.78,3.00,1.40,3,0,0.00,0.00,0.00,0,0,0.00,0.00,0.00,0,0,0.33,0.00,0.94,3,0,4.00,1.00,95.08,10162,1,6.81,2.00,19.92,3811,1
@layerzerolabs/lz-evm-sdk-v2,3.1.2,7,9,0.5625,7,3.00,3.00,1.41,5,0,0.00,0.00,0.00,0,0,0.00,0.00,0.00,0,0,20.14,0.00,49.34,141,0,142.00,246.00,122.99,252,0,0.03,0.00,0.31,4,16
@bentley/imodeljs-win32-x64,5.10.21,0,0,0,0,0.00,0.00,0.00,0,0,0.00,0.00,0.00,0,0,0.00,0.00,0.00,0,0,0.00,0.00,0.00,0,0,0.00,0.00,0.00,0,0,0.00,0.00,0.00,0,0
bs-platform,9.0.2,1357,2,0.0015,349,2.22,1.00,3.09,17,10,2.03,0.00,5.35,50,4,2.03,1.00,3.07,17,10,0.01,0.00,0.08,1,2,17.38,7.00,32.90,296,7,2.31,1.00,4.66,87,70
jqwidgets-scripts-custom,7.1.0,0,0,0,7610,2.34,3.00,2.53,30,104,0.54,0.00,7.18,492,20,0.54,0.00,1.72,27,110,0.19,0.00,0.42,3,77,6.41,0.00,104.23,8712,11,3.97,2.00,9.38,272,862
ctt-babylon,0.22.71,0,14,1,1489,2.17,0.00,2.98,29,16,0.35,0.00,4.67,161,9,0.35,0.00,1.00,8,42,0.60,0.00,7.78,300,1,1.61,0.00,31.74,1202,2,1.30,1.00,3.08,83,18
@dcl/explorer,1.0.165087-20250127124647.commit-c5c4235,4,0,0,16,0.56,0.00,1.58,6,1,0.00,0.00,0.00,0,0,0.00,0.00,0.00,0,0,1.50,0.00,5.81,24,1,1194.81,9.00,4061.15,16795,1,2.86,1.00,22.11,2794,19
@snyk/vervet,8.23.1,0,1,1,0,0.00,0.00,0.00,0,0,0.00,0.00,0.00,0,0,0.00,0.00,0.00,0,0,0.00,0.00,0.00,0,0,0.00,0.00,0.00,0,0,0.00,0.00,0.00,0,0
happy,1.1.8,1,50,0.9804,35,22.06,23.00,19.44,54,0,1.63,0.00,2.51,9,0,1.63,1.00,1.88,6,0,2.17,0.00,4.42,17,2,62.60,11.00,130.76,565,2,4.70,2.00,13.09,264,30
coveo-search-ui,2.10125.2,69,93,0.5741,1654,1.96,1.00,4.81,108,16,1.34,0.00,7.65,147,12,1.34,0.00,4.73,108,17,0.44,0.00,10.45,425,1,56.07,1.00,558.43,13998,9,2.56,1.00,7.23,701,482
zh-stroke-data,0.0.75,0,6,1,4,1.50,1.00,1.50,4,0,0.50,0.50,0.50,1,0,0.50,0.50,0.50,1,0,0.00,0.00,0.00,0,0,60.25,33.50,65.20,170,0,1.62,0.00,5.44,75,2
node-linux-arm64,22.22.3,1,0,0,0,0.00,0.00,0.00,0,0,0.00,0.00,0.00,0,0,0.00,0.00,0.00,0,0,0.00,0.00,0.00,0,0,0.00,0.00,0.00,0,0,0.00,0.00,0.00,0,0
@oh-my-pi/pi-natives,15.1.5,5,2,0.2857,5,1.60,0.00,2.73,7,0,0.40,0.00,0.49,1,0,0.40,0.00,0.49,1,0,1.00,0.00,2.00,5,0,5.40,0.00,10.80,27,0,3.41,2.00,4.64,18,1
@sigmashake/ssg-win32-x64,0.29.90,0,0,0,0,0.00,0.00,0.00,0,0,0.00,0.00,0.00,0,0,0.00,0.00,0.00,0,0,0.00,0.00,0.00,0,0,0.00,0.00,0.00,0,0,0.00,0.00,0.00,0,0
@ip-location-db/geolite2-city,2.3.2026051619,0,0,0,0,0.00,0.00,0.00,0,0,0.00,0.00,0.00,0,0,0.00,0.00,0.00,0,0,0.00,0.00,0.00,0,0,0.00,0.00,0.00,0,0,0.00,0.00,0.00,0,0
emoji-assets,9.0.0,3,0,0,1,1.00,1.00,0.00,1,0,0.00,0.00,0.00,0,0,0.00,0.00,0.00,0,0,0.00,0.00,0.00,0,0,0.00,0.00,0.00,0,0,0.00,0.00,0.00,0,0
j-gallery,1.2.2,0,8,1,28129,2.23,1.00,6.75,450,153,1.47,1.00,6.59,348,111,1.47,1.00,6.03,450,123,0.03,0.00,0.23,12,770,9.19,1.00,78.69,4352,141,3.22,2.00,7.23,552,2717
groove-dev,0.27.164,0,0,0,9580,2.00,1.00,4.38,237,94,1.28,0.00,18.80,1699,13,1.28,1.00,3.58,221,65,0.31,0.00,3.92,214,42,10.33,0.00,121.65,6239,46,2.90,1.00,8.95,822,826
china-division,2.7.0,35,15,0.3,9,2.44,2.00,1.42,5,0,0.78,0.00,1.23,4,0,0.78,0.00,0.92,2,0,0.00,0.00,0.00,0,0,6.89,4.00,6.57,20,0,4.05,3.00,3.95,16,1
@inkeep/agents-manage-ui,0.73.5,0,115,1,2845,2.20,0.00,4.51,37,68,0.27,0.00,2.14,86,11,0.27,0.00,0.83,16,83,1.43,0.00,18.66,585,12,81.96,7.00,498.33,18413,20,3.07,1.00,20.11,3585,662
nswag-portable,13.20.0-v.17,2,3,0.6,1,3.00,3.00,0.00,3,0,0.00,0.00,0.00,0,0,0.00,0.00,0.00,0,0,0.00,0.00,0.00,0,0,1.00,1.00,0.00,1,0,1.00,1.00,0.00,1,0
genshin-db,5.2.10,2,7,0.7778,44,0.48,0.00,1.53,8,2,0.30,0.00,0.81,4,2,0.30,0.00,1.08,6,1,0.02,0.00,0.15,1,1,2.73,0.00,8.87,49,1,2.29,1.00,5.53,51,2
@bentley/imodeljs-linux-x64,5.10.21,0,0,0,0,0.00,0.00,0.00,0,0,0.00,0.00,0.00,0,0,0.00,0.00,0.00,0,0,0.00,0.00,0.00,0,0,0.00,0.00,0.00,0,0,0.00,0.00,0.00,0,0
@vscode/openssl-prebuilt,0.0.11,0,0,0,0,0.00,0.00,0.00,0,0,0.00,0.00,0.00,0,0,0.00,0.00,0.00,0,0,0.00,0.00,0.00,0,0,0.00,0.00,0.00,0,0,0.00,0.00,0.00,0,0
@kilocode/cli-darwin-arm64,7.3.0,0,0,0,0,0.00,0.00,0.00,0,0,0.00,0.00,0.00,0,0,0.00,0.00,0.00,0,0,0.00,0.00,0.00,0,0,0.00,0.00,0.00,0,0,0.00,0.00,0.00,0,0
ax-code-linux-x64,2.26.4,0,0,0,0,0.00,0.00,0.00,0,0,0.00,0.00,0.00,0,0,0.00,0.00,0.00,0,0,0.00,0.00,0.00,0,0,0.00,0.00,0.00,0,0,0.00,0.00,0.00,0,0
@signalapp/libsignal-client,0.94.1,6,37,0.8605,186,2.78,2.00,1.97,8,0,2.60,0.00,10.47,100,3,2.60,2.00,1.83,8,0,1.41,1.00,3.05,29,2,0.53,0.00,2.36,28,3,1.83,1.00,2.25,10,3
@cubic-dev-ai/cli-linux-x64,1.6.0,0,0,0,0,0.00,0.00,0.00,0,0,0.00,0.00,0.00,0,0,0.00,0.00,0.00,0,0,0.00,0.00,0.00,0,0,0.00,0.00,0.00,0,0,0.00,0.00,0.00,0,0
@cubic-dev-ai/cli-linux-x64-baseline,1.6.0,0,0,0,0,0.00,0.00,0.00,0,0,0.00,0.00,0.00,0,0,0.00,0.00,0.00,0,0,0.00,0.00,0.00,0,0,0.00,0.00,0.00,0,0,0.00,0.00,0.00,0,0
@cubic-dev-ai/cli-linux-x64-baseline-musl,1.6.0,0,0,0,0,0.00,0.00,0.00,0,0,0.00,0.00,0.00,0,0,0.00,0.00,0.00,0,0,0.00,0.00,0.00,0,0,0.00,0.00,0.00,0,0,0.00,0.00,0.00,0,0
@eusoumarlon/wa-version,1.4.2510,0,24,1,26,2.00,1.00,2.60,12,1,1.15,0.00,2.32,11,1,1.15,0.00,2.36,12,1,0.00,0.00,0.00,0,0,6.27,3.00,7.15,17,0,1.83,1.00,2.27,12,1
@dcl/builder-site,8.13.0,0,0,0,1260,0.76,0.00,2.73,37,28,0.74,0.00,5.08,128,15,0.74,0.00,2.69,37,28,1.38,0.00,15.36,375,10,100.97,0.00,1630.63,40356,4,2.63,1.00,16.39,4998,219
@layerzerolabs/lz-evm-sdk-v1,3.1.2,6,9,0.6,7,3.00,3.00,1.41,5,0,0.00,0.00,0.00,0,0,0.00,0.00,0.00,0,0,8.57,0.00,21.00,60,0,62.00,106.00,53.73,112,0,0.06,0.00,0.38,4,5
@cubic-dev-ai/cli-linux-x64-musl,1.6.0,0,0,0,0,0.00,0.00,0.00,0,0,0.00,0.00,0.00,0,0,0.00,0.00,0.00,0,0,0.00,0.00,0.00,0,0,0.00,0.00,0.00,0,0,0.00,0.00,0.00,0,0
react-native-filament,1.9.0,0,14,1,422,2.27,1.00,3.33,37,5,1.33,1.00,2.94,28,6,1.33,0.00,3.01,37,5,0.02,0.00,0.14,1,8,2.19,0.00,5.36,71,3,2.02,1.00,2.81,27,22
mux,0.24.0,0,186,1,1499,3.23,2.00,9.30,302,11,2.14,0.00,7.25,126,21,2.14,1.00,4.47,64,22,0.33,0.00,4.96,141,3,37.29,2.00,482.49,17703,4,3.54,1.00,9.52,737,500
funcunit,3.7.0,29,22,0.4314,8609,3.62,1.00,35.52,1391,19,1.21,0.00,5.13,182,66,1.21,0.00,3.32,104,96,0.01,0.00,0.14,9,35,27.80,2.00,194.48,4352,65,2.98,2.00,8.00,1007,1482
ax-code-windows-x64,2.26.4,0,0,0,0,0.00,0.00,0.00,0,0,0.00,0.00,0.00,0,0,0.00,0.00,0.00,0,0,0.00,0.00,0.00,0,0,0.00,0.00,0.00,0,0,0.00,0.00,0.00,0,0
claudio-cli-win-x64,1.0.43,0,0,0,0,0.00,0.00,0.00,0,0,0.00,0.00,0.00,0,0,0.00,0.00,0.00,0,0,0.00,0.00,0.00,0,0,0.00,0.00,0.00,0,0,0.00,0.00,0.00,0,0
decocms,2.331.1,1,129,0.9923,4897,2.00,1.00,9.06,292,31,1.57,0.00,4.46,165,97,1.57,0.00,8.11,292,27,1.17,0.00,35.09,1722,7,25.43,0.00,560.14,26286,11,3.14,1.00,12.37,1439,734
@f5xc-salesdemos/pi-natives-linux-x64-gnu,18.70.0,0,0,0,0,0.00,0.00,0.00,0,0,0.00,0.00,0.00,0,0,0.00,0.00,0.00,0,0,0.00,0.00,0.00,0,0,0.00,0.00,0.00,0,0,0.00,0.00,0.00,0,0
@omega-edit/server,2.0.0,1,0,0,2,2.50,2.50,1.50,4,0,0.00,0.00,0.00,0,0,0.00,0.00,0.00,0,0,0.00,0.00,0.00,0,0,14.50,14.50,14.50,29,0,2.69,1.00,3.12,12,0
unicode-12.1.0,0.8.0,10,0,0,2396,0.09,0.00,0.28,1,204,0.00,0.00,0.00,0,0,0.00,0.00,0.00,0,0,0.00,0.00,0.00,0,0,0.00,0.00,0.00,0,0,0.00,0.00,0.00,0,0
@pepperize/cdk-organizations,0.7.988,0,35,1,99,3.80,2.00,7.79,36,5,0.81,0.00,1.66,9,3,0.81,0.00,1.85,13,1,0.48,0.00,0.64,3,2,117.25,0.00,493.11,2257,5,2.38,2.00,3.69,84,146
ax-code-linux-x64-baseline-musl,2.26.4,0,0,0,0,0.00,0.00,0.00,0,0,0.00,0.00,0.00,0,0,0.00,0.00,0.00,0,0,0.00,0.00,0.00,0,0,0.00,0.00,0.00,0,0,0.00,0.00,0.00,0,0
ax-code-linux-x64-musl,2.26.4,0,0,0,0,0.00,0.00,0.00,0,0,0.00,0.00,0.00,0,0,0.00,0.00,0.00,0,0,0.00,0.00,0.00,0,0,0.00,0.00,0.00,0,0,0.00,0.00,0.00,0,0
ligolang,0.69.0-macos-intel.d63c34412535fadfd98859dd8dad630fe08e90c2,0,0,0,0,0.00,0.00,0.00,0,0,0.00,0.00,0.00,0,0,0.00,0.00,0.00,0,0,0.00,0.00,0.00,0,0,0.00,0.00,0.00,0,0,0.00,0.00,0.00,0,0
ax-code-linux-x64-baseline,2.26.4,0,0,0,0,0.00,0.00,0.00,0,0,0.00,0.00,0.00,0,0,0.00,0.00,0.00,0,0,0.00,0.00,0.00,0,0,0.00,0.00,0.00,0,0,0.00,0.00,0.00,0,0
react-native-barcode-builder,2.0.0,5,9,0.6429,9,1.89,1.00,1.97,5,0,0.22,0.00,0.63,2,0,0.22,0.00,0.42,1,0,0.22,0.00,0.42,1,0,0.44,0.00,0.50,1,0,0.25,0.00,0.43,1,0
@kmmao/happy-coder,0.83.0,0,49,1,50,19.12,7.00,19.07,60,0,2.14,0.00,3.54,13,1,2.14,1.00,2.56,9,0,2.52,0.00,7.08,35,2,98.90,9.00,295.83,1503,2,4.15,1.00,15.66,424,36
@cyclonedx/cdxgen-plugins-bin-linuxmusl-amd64,1.8.0,0,0,0,1,0.00,0.00,0.00,0,0,0.00,0.00,0.00,0,0,0.00,0.00,0.00,0,0,0.00,0.00,0.00,0,0,0.00,0.00,0.00,0,0,0.00,0.00,0.00,0,0
ax-code-linux-arm64-musl,2.26.4,0,0,0,0,0.00,0.00,0.00,0,0,0.00,0.00,0.00,0,0,0.00,0.00,0.00,0,0,0.00,0.00,0.00,0,0,0.00,0.00,0.00,0,0,0.00,0.00,0.00,0,0
goldpankit,3.2.3,0,16,1,2908,2.56,1.00,2.86,16,61,2.55,0.00,8.35,184,51,2.55,1.00,2.84,14,58,0.15,0.00,3.50,98,5,58.78,9.00,590.67,20506,3,2.96,1.00,12.89,3762,896
pokeapi-sprites,2.0.4,1,0,0,0,0.00,0.00,0.00,0,0,0.00,0.00,0.00,0,0,0.00,0.00,0.00,0,0,0.00,0.00,0.00,0,0,0.00,0.00,0.00,0,0,0.00,0.00,0.00,0,0
cna-template,5.0.0,2,0,0,34167,2.34,1.00,8.00,559,148,1.76,1.00,7.91,348,206,1.76,1.00,7.60,559,131,0.13,0.00,1.05,117,153,11.95,1.00,271.46,15672,50,3.54,2.00,31.65,13025,327
@nativescript/android,9.0.4,26,3,0.1034,3,2.33,0.00,3.30,7,0,0.00,0.00,0.00,0,0,0.00,0.00,0.00,0,0,10.00,0.00,14.14,30,0,1291.00,20.00,1811.63,3853,0,2.92,1.00,14.15,415,14
tdesign-web-components,1.2.10,3,80,0.9639,2343,8.75,2.00,19.04,295,38,7.19,0.00,24.03,242,59,7.19,2.00,17.25,284,38,0.16,0.00,0.40,5,6,41.37,0.00,839.18,27538,5,3.53,2.00,27.08,5828,47
@f5xc-salesdemos/pi-natives,18.70.0,3,7,0.7,3,2.33,0.00,3.30,7,0,0.33,0.00,0.47,1,0,0.33,0.00,0.47,1,0,2.00,0.00,2.83,6,0,6.67,0.00,9.43,20,0,2.80,1.00,3.82,14,0
ax-code-linux-arm64,2.26.4,0,0,0,0,0.00,0.00,0.00,0,0,0.00,0.00,0.00,0,0,0.00,0.00,0.00,0,0,0.00,0.00,0.00,0,0,0.00,0.00,0.00,0,0,0.00,0.00,0.00,0,0
@agenshield/cli-darwin-arm64,0.10.0,0,0,0,0,0.00,0.00,0.00,0,0,0.00,0.00,0.00,0,0,0.00,0.00,0.00,0,0,0.00,0.00,0.00,0,0,0.00,0.00,0.00,0,0,0.00,0.00,0.00,0,0
@onomy/jsi-rn-wallet-core,0.1.0,1,19,0.95,5,0.60,1.00,0.49,1,0,0.00,0.00,0.00,0,0,0.00,0.00,0.00,0,0,0.00,0.00,0.00,0,0,0.60,1.00,0.49,1,0,0.00,0.00,0.00,0,0
@nativescript/types-android,9.0.0,2,0,0,51,0.00,0.00,0.00,0,0,0.00,0.00,0.00,0,0,0.00,0.00,0.00,0,0,2004.82,2766.00,2004.91,5814,0,0.00,0.00,0.00,0,0,0.00,0.00,0.00,0,0
@f5xc-salesdemos/pi-natives-win32-x64-msvc,18.70.0,0,0,0,0,0.00,0.00,0.00,0,0,0.00,0.00,0.00,0,0,0.00,0.00,0.00,0,0,0.00,0.00,0.00,0,0,0.00,0.00,0.00,0,0,0.00,0.00,0.00,0,0
unicode-10.0.0,0.7.5,30,0,0,2282,0.09,0.00,0.28,1,194,0.00,0.00,0.00,0,0,0.00,0.00,0.00,0,0,0.00,0.00,0.00,0,0,0.00,0.00,0.00,0,0,0.00,0.00,0.00,0,0
ax-code-windows-arm64,2.26.4,0,0,0,0,0.00,0.00,0.00,0,0,0.00,0.00,0.00,0,0,0.00,0.00,0.00,0,0,0.00,0.00,0.00,0,0,0.00,0.00,0.00,0,0,0.00,0.00,0.00,0,0
bymorning-ai-windows-x64-baseline,0.0.77,0,0,0,5,0.20,0.00,0.40,1,0,0.00,0.00,0.00,0,0,0.00,0.00,0.00,0,0,25.40,7.00,25.62,60,0,1118.60,1819.00,889.19,1874,0,1.23,0.00,2.34,31,180
@vladmandic/human-models,3.0.4,5,7,0.5833,1,5.00,5.00,0.00,5,0,0.00,0.00,0.00,0,0,0.00,0.00,0.00,0,0,0.00,0.00,0.00,0,0,4.00,4.00,0.00,4,0,8.00,0.50,13.29,31,0
@toolbox-sdk/server-darwin-arm64,1.2.0,0,0,0,0,0.00,0.00,0.00,0,0,0.00,0.00,0.00,0,0,0.00,0.00,0.00,0,0,0.00,0.00,0.00,0,0,0.00,0.00,0.00,0,0,0.00,0.00,0.00,0,0
@lightdash/sdk,0.2974.0,0,2,1,3,179.33,267.00,125.40,269,0,0.00,0.00,0.00,0,0,0.00,0.00,0.00,0,0,964.67,1447.00,682.12,1447,0,40475.67,60712.00,28620.62,60715,0,2.82,1.00,5.38,306,2074
@dynatrace/oneagent-dependency,1.327.51,1,10,0.9091,1643,1.33,0.00,14.49,579,2,1.01,1.00,2.14,33,20,1.01,0.00,14.45,579,2,0.44,0.00,12.18,493,1,9.75,0.00,69.85,2112,16,2.44,1.00,5.20,418,167
cdk-amazon-chime-resources,3.2.25,0,29,1,6313,3.47,2.00,13.33,799,32,0.98,0.00,12.16,481,17,0.98,0.00,5.73,385,12,0.45,0.00,2.11,73,33,7.42,0.00,135.87,5354,18,2.29,1.00,4.65,385,370
conductor-oss,0.60.20,0,43,1,5261,2.11,0.00,9.41,583,20,1.36,0.00,4.07,106,70,1.36,0.00,8.79,583,21,0.53,0.00,5.09,195,33,24.72,2.00,145.84,4057,49,3.03,1.00,9.69,739,952
@syncfusion/blazor-themes,33.2.6,0,0,0,0,0.00,0.00,0.00,0,0,0.00,0.00,0.00,0,0,0.00,0.00,0.00,0,0,0.00,0.00,0.00,0,0,0.00,0.00,0.00,0,0,0.00,0.00,0.00,0,0
react-native-user-identity,1.5.2,0,2,1,2,0.50,0.50,0.50,1,0,0.00,0.00,0.00,0,0,0.00,0.00,0.00,0,0,0.00,0.00,0.00,0,0,3.50,3.50,3.50,7,0,1.43,1.00,1.05,3,0
geojson-places,1.0.8,1,9,0.9,6,3.83,3.50,3.80,11,0,0.67,0.50,0.75,2,0,0.67,0.50,0.75,2,0,0.00,0.00,0.00,0,0,25.50,24.50,22.36,58,0,3.27,3.00,5.47,60,1
@f5xc-salesdemos/pi-natives-darwin-x64,18.70.0,0,0,0,0,0.00,0.00,0.00,0,0,0.00,0.00,0.00,0,0,0.00,0.00,0.00,0,0,0.00,0.00,0.00,0,0,0.00,0.00,0.00,0,0,0.00,0.00,0.00,0,0
@nativescript/ios,9.0.3,21,5,0.1923,0,0.00,0.00,0.00,0,0,0.00,0.00,0.00,0,0,0.00,0.00,0.00,0,0,0.00,0.00,0.00,0,0,0.00,0.00,0.00,0,0,0.00,0.00,0.00,0,0
hopcoderx-linux-x64,1.1.30,0,0,0,0,0.00,0.00,0.00,0,0,0.00,0.00,0.00,0,0,0.00,0.00,0.00,0,0,0.00,0.00,0.00,0,0,0.00,0.00,0.00,0,0,0.00,0.00,0.00,0,0
@movable/fluid,2.3.1,0,107,1,98,3.45,0.00,23.81,237,1,0.00,0.00,0.00,0,0,0.00,0.00,0.00,0,0,0.24,0.00,1.41,13,2,132.14,0.00,927.64,7641,2,2.61,1.00,12.46,1187,40
geoip-lite2,4.0.1-alpha.1,0,6,1,6,3.33,1.50,3.82,10,0,0.67,0.50,0.75,2,0,0.67,0.50,0.75,2,0,0.00,0.00,0.00,0,0,21.00,10.50,27.72,80,0,4.31,2.00,4.98,36,2
rescript-relay,4.4.1,0,19,1,17,3.47,3.00,2.89,12,0,0.18,0.00,0.51,2,1,0.18,0.00,0.38,1,0,17.76,0.00,71.06,302,1,1820.88,10.00,7244.53,30799,1,4.06,1.00,68.06,11599,12
happy-coder,1.1.9,0,50,1,35,22.34,25.00,19.48,54,0,1.63,0.00,2.51,9,0,1.63,1.00,1.88,6,0,2.29,0.00,4.64,17,2,64.94,11.00,135.68,582,2,4.67,2.00,13.00,264,32
@bsport/common,4.0.20,0,31,1,14637,2.57,2.00,8.72,548,66,2.04,1.00,8.73,354,103,2.04,1.00,8.63,548,66,0.12,0.00,1.48,75,40,14.21,1.00,317.43,14549,30,3.68,2.00,40.46,12043,131
@nutrient-sdk/node,1.3.0,0,0,0,9,3.11,2.00,2.92,8,0,0.11,0.00,0.31,1,0,0.11,0.00,0.31,1,0,5.11,0.00,9.35,27,0,445.78,414.00,398.02,976,0,2.77,1.00,11.41,650,18
hopcoderx-linux-x64-musl,1.1.30,0,0,0,0,0.00,0.00,0.00,0,0,0.00,0.00,0.00,0,0,0.00,0.00,0.00,0,0,0.00,0.00,0.00,0,0,0.00,0.00,0.00,0,0,0.00,0.00,0.00,0,0
agent-mockingbird,0.0.16,0,13,1,863,2.43,1.00,8.01,216,1,0.94,0.00,3.01,41,17,0.94,0.00,2.25,23,19,2.07,0.00,33.38,719,3,78.56,0.00,1259.07,32874,3,2.61,1.00,9.41,837,393
hopcoderx-linux-x64-baseline-musl,1.1.30,0,0,0,0,0.00,0.00,0.00,0,0,0.00,0.00,0.00,0,0,0.00,0.00,0.00,0,0,0.00,0.00,0.00,0,0,0.00,0.00,0.00,0,0,0.00,0.00,0.00,0,0
@embedded-postgres/darwin-x64,18.3.0-beta.17,2,2,0.5,3,1.33,2.00,0.94,2,0,0.00,0.00,0.00,0,0,0.00,0.00,0.00,0,0,0.00,0.00,0.00,0,0,0.67,0.00,0.94,2,0,4.50,4.50,4.50,9,0
@digabi/exam-engine-exams,23.23.0,0,1,1,2,1.00,1.00,1.00,2,0,0.00,0.00,0.00,0,0,0.00,0.00,0.00,0,0,0.00,0.00,0.00,0,0,6.00,6.00,6.00,12,0,1.00,1.00,1.08,3,0
@chrryai/waffles,2.5.1,0,27,1,74,3.34,3.00,2.61,12,1,1.47,0.00,3.05,17,3,1.47,0.00,2.09,10,2,0.04,0.00,0.20,1,3,7.81,6.00,8.51,31,0,6.49,3.00,23.76,386,7
hopcoderx-linux-x64-baseline,1.1.30,0,0,0,0,0.00,0.00,0.00,0,0,0.00,0.00,0.00,0,0,0.00,0.00,0.00,0,0,0.00,0.00,0.00,0,0,0.00,0.00,0.00,0,0,0.00,0.00,0.00,0,0
@kong/spec-renderer,1.107.16,2,70,0.9722,181,1.24,1.00,1.84,15,3,0.27,0.00,0.79,4,6,0.27,0.00,1.49,14,2,8.27,0.00,35.56,256,6,447.10,0.00,1858.52,13853,6,2.79,1.00,5.66,528,1173
react-native-wgpu,0.5.11,4,38,0.9048,104,0.85,0.00,1.27,6,3,0.34,0.00,0.63,3,1,0.34,0.00,0.87,6,2,0.17,0.00,0.51,2,6,1.38,0.00,2.88,11,3,1.67,1.00,1.94,10,3
slopcode-bin-linux-arm64-musl,0.2.115,0,0,0,0,0.00,0.00,0.00,0,0,0.00,0.00,0.00,0,0,0.00,0.00,0.00,0,0,0.00,0.00,0.00,0,0,0.00,0.00,0.00,0,0,0.00,0.00,0.00,0,0
bymorning-ai-linux-x64-musl,0.0.77,0,0,0,5,0.20,0.00,0.40,1,0,0.00,0.00,0.00,0,0,0.00,0.00,0.00,0,0,25.40,7.00,25.62,60,0,1118.60,1819.00,889.19,1874,0,1.23,0.00,2.34,31,180
bare-ffmpeg,1.2.2,4,7,0.6364,33,2.82,2.00,4.88,29,1,2.82,2.00,5.13,30,1,2.82,2.00,4.88,29,1,0.06,0.00,0.24,1,2,0.58,0.00,2.10,12,1,1.05,1.00,0.89,4,1
hopcoderx-windows-x64-baseline,1.1.30,0,0,0,0,0.00,0.00,0.00,0,0,0.00,0.00,0.00,0,0,0.00,0.00,0.00,0,0,0.00,0.00,0.00,0,0,0.00,0.00,0.00,0,0,0.00,0.00,0.00,0,0
hopcoderx-windows-x64,1.1.30,0,0,0,0,0.00,0.00,0.00,0,0,0.00,0.00,0.00,0,0,0.00,0.00,0.00,0,0,0.00,0.00,0.00,0,0,0.00,0.00,0.00,0,0,0.00,0.00,0.00,0,0
@realtimex/node-llama-cpp-linux-x64-cuda,0.142.0,0,0,0,1,3.00,3.00,0.00,3,0,0.00,0.00,0.00,0,0,0.00,0.00,0.00,0,0,0.00,0.00,0.00,0,0,1.00,1.00,0.00,1,0,0.00,0.00,0.00,0,0
bymorning-ai-linux-x64-baseline,0.0.77,0,0,0,5,0.20,0.00,0.40,1,0,0.00,0.00,0.00,0,0,0.00,0.00,0.00,0,0,25.40,7.00,25.62,60,0,1118.60,1819.00,889.19,1874,0,1.23,0.00,2.34,31,180
bymorning-ai-linux-x64-baseline-musl,0.0.77,0,0,0,5,0.20,0.00,0.40,1,0,0.00,0.00,0.00,0,0,0.00,0.00,0.00,0,0,25.40,7.00,25.62,60,0,1118.60,1819.00,889.19,1874,0,1.23,0.00,2.34,31,180
hopcoderx-linux-arm64-musl,1.1.30,0,0,0,0,0.00,0.00,0.00,0,0,0.00,0.00,0.00,0,0,0.00,0.00,0.00,0,0,0.00,0.00,0.00,0,0,0.00,0.00,0.00,0,0,0.00,0.00,0.00,0,0
bymorning-ai-linux-x64,0.0.77,0,0,0,5,0.20,0.00,0.40,1,0,0.00,0.00,0.00,0,0,0.00,0.00,0.00,0,0,25.40,7.00,25.62,60,0,1118.60,1819.00,889.19,1874,0,1.23,0.00,2.34,31,180
@sencha/cmd-linux-64,8.0.0,0,1,1,1835,4.24,2.00,24.83,383,13,1.97,1.00,12.06,348,6,1.97,1.00,3.63,66,17,0.17,0.00,3.03,118,4,23.29,1.00,272.19,5619,9,2.91,2.00,5.43,188,532
@material-symbols-svg/react,0.6.0,3,15,0.8333,23250,1.00,1.00,0.05,2,2,1.00,0.00,107.57,11600,2,1.00,1.00,0.05,1,0,0.00,0.00,0.00,0,0,0.00,0.00,0.02,2,2,3.00,1.00,4.06,10,0
unframer,4.1.7,0,46,1,314,1.91,1.00,3.82,26,8,0.82,0.00,2.92,30,5,0.82,1.00,1.30,12,6,0.06,0.00,0.30,3,14,32.62,0.00,336.57,4233,2,2.60,1.00,5.43,199,156
bymorning-ai-darwin-arm64,0.0.77,0,0,0,5,0.20,0.00,0.40,1,0,0.00,0.00,0.00,0,0,0.00,0.00,0.00,0,0,25.40,7.00,25.62,60,0,1118.60,1819.00,889.19,1874,0,1.23,0.00,2.34,31,180
bymorning-ai-windows-x64,0.0.77,0,0,0,5,0.20,0.00,0.40,1,0,0.00,0.00,0.00,0,0,0.00,0.00,0.00,0,0,25.40,7.00,25.62,60,0,1118.60,1819.00,889.19,1874,0,1.23,0.00,2.34,31,180
@realtimex/node-llama-cpp-win-x64-cuda,0.142.0,0,0,0,1,3.00,3.00,0.00,3,0,0.00,0.00,0.00,0,0,0.00,0.00,0.00,0,0,0.00,0.00,0.00,0,0,1.00,1.00,0.00,1,0,0.00,0.00,0.00,0,0
effect-solutions,0.5.3,1,8,0.8889,2,7.50,7.50,3.50,11,0,0.00,0.00,0.00,0,0,0.00,0.00,0.00,0,0,105.00,105.00,105.00,210,0,3469.50,3469.50,3469.50,6939,0,2.18,1.00,4.60,151,99
bymorning-ai-darwin-x64-baseline,0.0.77,0,0,0,5,0.20,0.00,0.40,1,0,0.00,0.00,0.00,0,0,0.00,0.00,0.00,0,0,25.40,7.00,25.62,60,0,1118.60,1819.00,889.19,1874,0,1.23,0.00,2.34,31,180
@finbourne/lusid-sdk-angular18,0.11.9160,0,1,1,2981,1.43,0.00,3.67,81,29,0.11,0.00,2.58,82,3,0.11,0.00,1.56,81,1,0.08,0.00,1.55,84,1,0.53,0.00,14.46,787,1,0.51,1.00,0.50,1,0
hopcoderx-linux-arm64,1.1.30,0,0,0,0,0.00,0.00,0.00,0,0,0.00,0.00,0.00,0,0,0.00,0.00,0.00,0,0,0.00,0.00,0.00,0,0,0.00,0.00,0.00,0,0,0.00,0.00,0.00,0,0
smart-webcomponents-angular,26.0.0,1,13,0.9286,2070,1.82,1.00,2.12,19,19,0.55,0.00,2.06,44,24,0.55,0.00,1.34,18,20,1.74,0.00,11.35,390,3,30.96,0.00,185.56,5499,19,2.70,1.00,5.73,241,1196
bymorning-ai-linux-arm64,0.0.77,0,0,0,5,0.20,0.00,0.40,1,0,0.00,0.00,0.00,0,0,0.00,0.00,0.00,0,0,25.40,7.00,25.62,60,0,1118.60,1819.00,889.19,1874,0,1.23,0.00,2.34,31,180
bymorning-ai-linux-arm64-musl,0.0.77,0,0,0,5,0.20,0.00,0.40,1,0,0.00,0.00,0.00,0,0,0.00,0.00,0.00,0,0,25.40,7.00,25.62,60,0,1118.60,1819.00,889.19,1874,0,1.23,0.00,2.34,31,180
bymorning-ai-darwin-x64,0.0.77,0,0,0,5,0.20,0.00,0.40,1,0,0.00,0.00,0.00,0,0,0.00,0.00,0.00,0,0,25.40,7.00,25.62,60,0,1118.60,1819.00,889.19,1874,0,1.23,0.00,2.34,31,180
britecharts,2.18.2,5,66,0.9296,157,8.66,2.00,11.22,34,0,0.54,0.00,1.90,14,5,0.54,0.00,1.95,17,3,0.00,0.00,0.00,0,0,877.72,269.00,1092.02,3483,0,2.63,1.00,6.86,328,2134
@kolbo/kolbo-code-linux-x64,2.1.25,0,0,0,9,2.44,3.00,1.26,4,0,0.00,0.00,0.00,0,0,0.00,0.00,0.00,0,0,0.00,0.00,0.00,0,0,12.78,9.00,10.90,36,0,5.50,2.00,14.03,138,2
@roninbuilders/contracts,0.6.24,2,8,0.8,8388,0.00,0.00,0.00,0,0,0.00,0.00,0.00,0,0,0.00,0.00,0.00,0,0,0.00,0.00,0.00,0,0,0.00,0.00,0.00,0,0,0.00,0.00,0.00,0,0
slopcode-bin-linux-x64-baseline-musl,0.2.115,0,0,0,0,0.00,0.00,0.00,0,0,0.00,0.00,0.00,0,0,0.00,0.00,0.00,0,0,0.00,0.00,0.00,0,0,0.00,0.00,0.00,0,0,0.00,0.00,0.00,0,0
slopcode-bin-linux-x64-musl,0.2.115,0,0,0,0,0.00,0.00,0.00,0,0,0.00,0.00,0.00,0,0,0.00,0.00,0.00,0,0,0.00,0.00,0.00,0,0,0.00,0.00,0.00,0,0,0.00,0.00,0.00,0,0
slopcode-bin-linux-x64,0.2.115,0,0,0,0,0.00,0.00,0.00,0,0,0.00,0.00,0.00,0,0,0.00,0.00,0.00,0,0,0.00,0.00,0.00,0,0,0.00,0.00,0.00,0,0,0.00,0.00,0.00,0,0
@microsoft/sp-webpart-workbench,1.12.1,77,30,0.2804,759,0.26,0.00,1.33,18,16,0.07,0.00,0.55,13,7,0.07,0.00,0.46,7,15,0.03,0.00,0.16,1,19,250.96,21.00,1134.68,14822,6,2.67,1.00,8.98,1259,957
@htmlbricks/hb-player-input-streaming,0.76.5,0,0,0,4,0.75,0.50,0.83,2,0,0.00,0.00,0.00,0,0,0.00,0.00,0.00,0,0,0.00,0.00,0.00,0,0,70.00,0.00,121.24,280,0,2.31,1.00,3.47,37,5
slopcode-bin-linux-x64-baseline,0.2.115,0,0,0,0,0.00,0.00,0.00,0,0,0.00,0.00,0.00,0,0,0.00,0.00,0.00,0,0,0.00,0.00,0.00,0,0,0.00,0.00,0.00,0,0,0.00,0.00,0.00,0,0
ffmpeg-static-electron,2.0.3,6,1,0.1429,2,2.50,2.50,0.50,3,0,0.50,0.50,0.50,1,0,0.50,0.50,0.50,1,0,0.00,0.00,0.00,0,0,0.50,0.50,0.50,1,0,4.00,4.00,0.00,4,0
@qvac/onnx,0.15.0,3,3,0.5,1,0.00,0.00,0.00,0,0,0.00,0.00,0.00,0,0,0.00,0.00,0.00,0,0,0.00,0.00,0.00,0,0,0.00,0.00,0.00,0,0,0.00,0.00,0.00,0,0
@dittolive/ditto,5.0.0,4,0,0,12,2.00,1.50,2.55,9,0,0.08,0.00,0.28,1,1,0.08,0.00,0.28,1,1,13.92,0.00,16.54,36,0,177.75,7.50,252.98,628,0,2.24,2.00,3.99,63,13
@htmlbricks/hb-player-live,0.76.5,1,0,0,4,0.75,0.50,0.83,2,0,0.00,0.00,0.00,0,0,0.00,0.00,0.00,0,0,0.00,0.00,0.00,0,0,354.25,0.00,613.58,1417,0,2.53,1.00,3.98,41,30
aspose.cells.node.linux.x64,26.5.0,0,0,0,0,0.00,0.00,0.00,0,0,0.00,0.00,0.00,0,0,0.00,0.00,0.00,0,0,0.00,0.00,0.00,0,0,0.00,0.00,0.00,0,0,0.00,0.00,0.00,0,0
@veupathdb/genomics-site,1.3.49,0,74,1,205,4.64,3.00,6.35,42,6,1.01,1.00,1.34,12,3,1.01,0.00,2.17,20,4,2.07,0.00,17.63,179,2,785.17,4.00,4185.67,35392,6,3.13,1.00,49.68,13759,56
name-suggestion-index,7.2.20260515,15,32,0.6809,25,1.84,1.00,2.48,11,1,0.56,0.00,1.33,6,1,0.56,0.00,0.98,4,1,0.40,0.00,1.02,5,1,91.80,1.00,357.71,1810,1,3.94,2.00,8.97,160,27
@kolbo/kolbo-code-linux-x64-musl,2.1.25,0,0,0,9,2.44,3.00,1.26,4,0,0.00,0.00,0.00,0,0,0.00,0.00,0.00,0,0,0.00,0.00,0.00,0,0,12.78,9.00,10.90,36,0,5.50,2.00,14.03,138,2
@kolbo/kolbo-code-linux-x64-baseline,2.1.25,0,0,0,9,2.44,3.00,1.26,4,0,0.00,0.00,0.00,0,0,0.00,0.00,0.00,0,0,0.00,0.00,0.00,0,0,12.78,9.00,10.90,36,0,5.50,2.00,14.03,138,2
@kolbo/kolbo-code-windows-arm64,2.1.25,0,0,0,9,2.44,3.00,1.26,4,0,0.00,0.00,0.00,0,0,0.00,0.00,0.00,0,0,0.00,0.00,0.00,0,0,12.78,9.00,10.90,36,0,5.50,2.00,14.03,138,2
@kolbo/kolbo-code-windows-x64-baseline,2.1.25,0,0,0,9,2.44,3.00,1.26,4,0,0.00,0.00,0.00,0,0,0.00,0.00,0.00,0,0,0.00,0.00,0.00,0,0,12.78,9.00,10.90,36,0,5.50,2.00,14.03,138,2
@kolbo/kolbo-code-linux-x64-baseline-musl,2.1.25,0,0,0,9,2.44,3.00,1.26,4,0,0.00,0.00,0.00,0,0,0.00,0.00,0.00,0,0,0.00,0.00,0.00,0,0,12.78,9.00,10.90,36,0,5.50,2.00,14.03,138,2
hermes-engine-cli,0.12.0,2,0,0,0,0.00,0.00,0.00,0,0,0.00,0.00,0.00,0,0,0.00,0.00,0.00,0,0,0.00,0.00,0.00,0,0,0.00,0.00,0.00,0,0,0.00,0.00,0.00,0,0
processmaker-builder,3.2.2,0,9,1,1374,0.67,0.00,3.28,85,21,0.49,0.00,5.30,178,8,0.49,0.00,1.97,23,26,0.01,0.00,0.13,2,11,72.08,9.00,448.10,13030,13,3.83,2.00,7.64,828,1501
@oicl/openbridge-webcomponents,1.0.1,5,63,0.9265,7340,2.87,1.00,48.03,2301,4,1.80,2.00,25.73,2196,1,1.80,0.00,48.03,2301,4,0.31,0.00,1.07,83,1,1.49,0.00,70.21,6012,1,2.91,3.00,3.32,83,161
@kolbo/kolbo-code-linux-arm64,2.1.25,0,0,0,9,2.44,3.00,1.26,4,0,0.00,0.00,0.00,0,0,0.00,0.00,0.00,0,0,0.00,0.00,0.00,0,0,12.78,9.00,10.90,36,0,5.50,2.00,14.03,138,2
slopcode-bin-darwin-x64-baseline,0.2.115,0,0,0,0,0.00,0.00,0.00,0,0,0.00,0.00,0.00,0,0,0.00,0.00,0.00,0,0,0.00,0.00,0.00,0,0,0.00,0.00,0.00,0,0,0.00,0.00,0.00,0,0
slopcode-bin-linux-arm64,0.2.115,0,0,0,0,0.00,0.00,0.00,0,0,0.00,0.00,0.00,0,0,0.00,0.00,0.00,0,0,0.00,0.00,0.00,0,0,0.00,0.00,0.00,0,0,0.00,0.00,0.00,0,0
@kolbo/kolbo-code-windows-x64,2.1.25,0,0,0,9,2.44,3.00,1.26,4,0,0.00,0.00,0.00,0,0,0.00,0.00,0.00,0,0,0.00,0.00,0.00,0,0,12.78,9.00,10.90,36,0,5.50,2.00,14.03,138,2
slopcode-bin-darwin-arm64,0.2.115,0,0,0,0,0.00,0.00,0.00,0,0,0.00,0.00,0.00,0,0,0.00,0.00,0.00,0,0,0.00,0.00,0.00,0,0,0.00,0.00,0.00,0,0,0.00,0.00,0.00,0,0
@kolbo/kolbo-code-darwin-arm64,2.1.25,0,0,0,9,2.44,3.00,1.26,4,0,0.00,0.00,0.00,0,0,0.00,0.00,0.00,0,0,0.00,0.00,0.00,0,0,12.78,9.00,10.90,36,0,5.50,2.00,14.03,138,2
slopcode-bin-windows-x64,0.2.115,0,0,0,0,0.00,0.00,0.00,0,0,0.00,0.00,0.00,0,0,0.00,0.00,0.00,0,0,0.00,0.00,0.00,0,0,0.00,0.00,0.00,0,0,0.00,0.00,0.00,0,0
bmad-agent-init,1.0.12,0,7,1,14432,1.83,1.00,7.07,579,47,1.22,0.00,15.00,1541,23,1.22,1.00,6.40,547,30,0.16,0.00,1.87,149,61,11.98,0.00,282.95,20474,15,3.11,1.00,12.86,2528,636
@ensdomains/ens-contracts,1.7.0,127,39,0.2349,317,1.97,1.00,2.29,31,3,0.65,0.00,3.38,41,5,0.65,0.00,1.91,28,1,0.00,0.00,0.00,0,0,5.27,0.00,13.83,124,7,6.98,5.00,6.63,58,29
bids-validator,1.15.0,4,40,0.9091,6,31.33,3.00,42.61,101,0,0.00,0.00,0.00,0,0,0.00,0.00,0.00,0,0,0.00,0.00,0.00,0,0,5543.17,5330.00,3553.83,9833,0,2.50,1.00,5.76,249,356
slopcode-bin-darwin-x64,0.2.115,0,0,0,0,0.00,0.00,0.00,0,0,0.00,0.00,0.00,0,0,0.00,0.00,0.00,0,0,0.00,0.00,0.00,0,0,0.00,0.00,0.00,0,0,0.00,0.00,0.00,0,0
@lunapaint/tga-codec,0.2.0,4,11,0.7333,32,1.22,1.00,1.27,4,0,0.84,0.00,2.02,11,1,0.84,1.00,0.97,4,1,0.50,0.00,0.94,4,1,1.69,0.00,4.09,18,2,4.22,3.00,5.22,26,2
@deno/win32-x64,2.7.14,0,0,0,0,0.00,0.00,0.00,0,0,0.00,0.00,0.00,0,0,0.00,0.00,0.00,0,0,0.00,0.00,0.00,0,0,0.00,0.00,0.00,0,0,0.00,0.00,0.00,0,0
slopcode-bin-windows-x64-baseline,0.2.115,0,0,0,0,0.00,0.00,0.00,0,0,0.00,0.00,0.00,0,0,0.00,0.00,0.00,0,0,0.00,0.00,0.00,0,0,0.00,0.00,0.00,0,0,0.00,0.00,0.00,0,0
@toolbox-sdk/server-win32-x64,1.2.0,0,0,0,0,0.00,0.00,0.00,0,0,0.00,0.00,0.00,0,0,0.00,0.00,0.00,0,0,0.00,0.00,0.00,0,0,0.00,0.00,0.00,0,0,0.00,0.00,0.00,0,0
@minecraft/creator-tools,0.17.0,1,33,0.9706,1883,2.89,1.00,7.03,147,20,2.41,0.00,10.71,172,19,2.41,1.00,5.42,146,22,1.13,1.00,10.85,303,5,26.04,0.00,463.03,16364,6,2.71,1.00,6.85,567,553
@ketryx/cli-linux-x64,0.1.1,0,0,0,0,0.00,0.00,0.00,0,0,0.00,0.00,0.00,0,0,0.00,0.00,0.00,0,0,0.00,0.00,0.00,0,0,0.00,0.00,0.00,0,0,0.00,0.00,0.00,0,0
@kolbo/kolbo-code-darwin-x64-baseline,2.1.25,0,0,0,9,2.44,3.00,1.26,4,0,0.00,0.00,0.00,0,0,0.00,0.00,0.00,0,0,0.00,0.00,0.00,0,0,12.78,9.00,10.90,36,0,5.50,2.00,14.03,138,2
@kolbo/kolbo-code-darwin-x64,2.1.25,0,0,0,9,2.44,3.00,1.26,4,0,0.00,0.00,0.00,0,0,0.00,0.00,0.00,0,0,0.00,0.00,0.00,0,0,12.78,9.00,10.90,36,0,5.50,2.00,14.03,138,2
@clerk/cli-win32-x64,1.2.0,0,0,0,0,0.00,0.00,0.00,0,0,0.00,0.00,0.00,0,0,0.00,0.00,0.00,0,0,0.00,0.00,0.00,0,0,0.00,0.00,0.00,0,0,0.00,0.00,0.00,0,0
@kolbo/kolbo-code-linux-arm64-musl,2.1.25,0,0,0,9,2.44,3.00,1.26,4,0,0.00,0.00,0.00,0,0,0.00,0.00,0.00,0,0,0.00,0.00,0.00,0,0,12.78,9.00,10.90,36,0,5.50,2.00,14.03,138,2
@postman/pm-bin-linux-x64,1.37.0,0,0,0,509,4.07,2.00,10.59,214,2,2.07,1.00,4.94,65,5,2.07,1.00,3.07,30,8,0.59,0.00,3.52,41,4,28.69,3.00,425.17,9548,1,3.59,2.00,7.57,410,187
tree-sitter-ocaml,0.24.2,15,6,0.2857,6,2.00,1.00,1.83,5,0,0.50,0.00,1.12,3,0,0.50,0.50,0.50,1,0,0.00,0.00,0.00,0,0,1.50,0.00,3.35,9,0,2.33,2.00,0.47,3,0
all-the-package-repos,2.0.2896,6,13,0.6842,1,3.00,3.00,0.00,3,0,0.00,0.00,0.00,0,0,0.00,0.00,0.00,0,0,0.00,0.00,0.00,0,0,3.00,3.00,0.00,3,0,2.00,2.00,1.63,4,0
@cdxgen/cdxgen-plugins-bin-windows-amd64,2.1.1,0,0,0,1,0.00,0.00,0.00,0,0,0.00,0.00,0.00,0,0,0.00,0.00,0.00,0,0,0.00,0.00,0.00,0,0,0.00,0.00,0.00,0,0,0.00,0.00,0.00,0,0
@lifeaitools/clauth,1.5.82,0,9,1,17,6.94,5.00,4.52,19,0,1.24,1.00,1.93,7,0,1.24,0.00,2.07,8,1,0.06,0.00,0.24,1,1,28.35,8.00,58.69,254,1,9.17,2.00,50.54,929,3
datastake-daf,0.7.145,0,80,1,1824,3.37,2.00,7.86,288,7,2.26,1.00,9.26,164,17,2.26,1.00,7.42,288,5,0.51,0.00,13.95,425,2,41.34,4.00,392.63,10970,13,2.85,1.00,8.38,846,635
grab,0.1.37,0,1,1,325,1.84,2.00,1.37,4,0,1.81,0.00,7.93,68,6,1.81,2.00,1.40,4,0,0.00,0.00,0.00,0,0,388.53,387.00,204.16,1553,1,2.95,1.00,6.08,159,1209
@cdxgen/cdxgen-plugins-bin-darwin-arm64,2.1.1,0,0,0,1,0.00,0.00,0.00,0,0,0.00,0.00,0.00,0,0,0.00,0.00,0.00,0,0,0.00,0.00,0.00,0,0,0.00,0.00,0.00,0,0,0.00,0.00,0.00,0,0
heraldvox-cli,1.4.2,0,55,1,50,25.14,13.50,23.63,80,0,2.56,0.00,4.13,14,0,2.56,1.00,2.84,11,0,1.80,0.00,3.97,19,2,59.60,18.00,155.20,803,2,4.63,2.00,12.82,295,38
@superdoc-dev/cli-windows-x64,0.10.1,0,0,0,0,0.00,0.00,0.00,0,0,0.00,0.00,0.00,0,0,0.00,0.00,0.00,0,0,0.00,0.00,0.00,0,0,0.00,0.00,0.00,0,0,0.00,0.00,0.00,0,0
yongruizhang-blogimg,1.1.688046430,0,0,0,0,0.00,0.00,0.00,0,0,0.00,0.00,0.00,0,0,0.00,0.00,0.00,0,0,0.00,0.00,0.00,0,0,0.00,0.00,0.00,0,0,0.00,0.00,0.00,0,0
fixparser,9.4.7,6,5,0.4545,768,0.26,0.00,1.60,26,9,0.00,0.00,0.00,0,0,0.00,0.00,0.00,0,0,0.05,0.00,0.31,3,26,13.52,0.00,154.23,2132,6,2.48,1.00,4.96,62,218
create-fuels,0.103.0,0,9,1,109,3.16,1.00,5.71,27,6,0.69,0.00,1.77,10,4,0.69,0.00,1.58,9,2,9.88,0.00,59.74,531,2,296.86,5.00,1299.22,11902,2,2.85,1.00,18.41,2037,52
pretendard-gov,1.3.9,1,1,0.5,1,1.00,1.00,0.00,1,0,0.00,0.00,0.00,0,0,0.00,0.00,0.00,0,0,0.00,0.00,0.00,0,0,0.00,0.00,0.00,0,0,0.00,0.00,0.00,0,0
@screenpipe/cli-darwin-arm64,0.3.336,0,0,0,0,0.00,0.00,0.00,0,0,0.00,0.00,0.00,0,0,0.00,0.00,0.00,0,0,0.00,0.00,0.00,0,0,0.00,0.00,0.00,0,0,0.00,0.00,0.00,0,0
terriajs,8.12.2,3,172,0.9829,2276,5.97,3.00,13.03,486,9,3.72,1.00,12.51,223,50,3.72,2.00,5.55,67,46,0.46,0.00,6.84,324,1,33.08,2.00,1024.23,48038,2,3.22,1.00,10.37,1778,503
@venusprotocol/venus-protocol,10.2.0-xaum.1,10,60,0.8571,2069,2.10,1.00,7.33,318,2,0.93,0.00,12.83,583,1,0.93,0.00,7.18,318,2,0.35,0.00,0.48,1,0,0.65,0.00,7.31,323,2,0.76,0.00,2.57,27,32
bebop-tools,3.2.3,4,5,0.5556,3,10.67,7.00,9.74,24,0,0.33,0.00,0.47,1,0,0.33,0.00,0.47,1,0,0.00,0.00,0.00,0,0,192.67,18.00,259.13,559,0,2.80,1.00,4.30,36,13
@diplodoc/cli,5.39.1,3,72,0.96,344,5.72,1.00,44.00,660,2,0.18,0.00,1.28,13,5,0.18,0.00,0.68,5,9,0.49,0.00,2.74,49,1,291.67,0.00,2488.06,30630,4,2.77,1.00,7.95,1101,793
unicode-7.0.0,0.7.5,17,0,0,2069,0.09,0.00,0.28,1,182,0.00,0.00,0.00,0,0,0.00,0.00,0.00,0,0,0.00,0.00,0.00,0,0,0.00,0.00,0.00,0,0,0.00,0.00,0.00,0,0
@duckmind/dm-linux-x64,0.27.5,0,0,0,21712,2.59,2.00,6.43,264,146,1.89,1.00,9.51,348,109,1.89,1.00,6.01,264,122,0.20,0.00,4.09,498,25,5.33,1.00,57.62,5838,77,3.07,1.00,7.26,534,1236
@freeclaude/cli,3.4.0,0,77,1,17,53.71,4.00,191.25,818,1,1.06,0.00,1.59,6,1,1.06,0.00,1.59,5,0,37.24,0.00,142.56,607,1,2269.88,22.00,8748.60,37252,1,3.40,1.00,9.68,742,361
@cdktn/provider-aws,24.1.0,13,18,0.5806,4694,2.50,2.00,47.81,2318,2,1.01,0.00,1.02,7,5,1.01,0.00,47.84,2318,2,7.34,2.00,20.85,200,84,6.51,0.00,41.50,2318,41,4.29,3.00,5.38,318,179
@yeger/turbo-graph-ui,2.8.8,1,31,0.9688,69,1.77,0.00,3.70,15,4,0.09,0.00,0.44,3,2,0.09,0.00,0.28,1,6,3.71,0.00,10.40,50,3,196.74,17.00,418.21,1825,4,2.84,1.00,10.31,739,81
@appthreat/cdxgen-plugins-bin,1.0.0,1,0,0,1,0.00,0.00,0.00,0,0,0.00,0.00,0.00,0,0,0.00,0.00,0.00,0,0,0.00,0.00,0.00,0,0,0.00,0.00,0.00,0,0,0.00,0.00,0.00,0,0
@duckmind/dm-windows-x64,0.27.5,0,0,0,21712,2.59,2.00,6.43,264,146,1.89,1.00,9.51,348,109,1.89,1.00,6.01,264,122,0.20,0.00,4.09,498,25,5.33,1.00,57.62,5838,77,3.07,1.00,7.26,534,1236
react-native-bare-kit,0.14.1,3,9,0.75,6,2.50,3.00,1.26,4,0,0.17,0.00,0.37,1,0,0.17,0.00,0.37,1,0,0.67,0.00,0.94,2,0,0.00,0.00,0.00,0,0,0.00,0.00,0.00,0,0
@wix/auto_sdk_forms_forms,1.0.127,1,5,0.8333,24,8.58,5.00,8.47,24,0,0.17,0.00,0.55,2,2,0.17,0.00,0.37,1,0,0.00,0.00,0.00,0,0,175.25,175.00,153.30,426,0,145.72,0.00,1100.14,8523,72
@duckmind/dm-darwin-arm64,0.27.5,0,0,0,21712,2.59,2.00,6.43,264,146,1.89,1.00,9.51,348,109,1.89,1.00,6.01,264,122,0.20,0.00,4.09,498,25,5.33,1.00,57.62,5838,77,3.07,1.00,7.26,534,1236
@superdoc-dev/sdk-windows-x64,1.9.1,0,0,0,0,0.00,0.00,0.00,0,0,0.00,0.00,0.00,0,0,0.00,0.00,0.00,0,0,0.00,0.00,0.00,0,0,0.00,0.00,0.00,0,0,0.00,0.00,0.00,0,0
@duckmind/dm-darwin-x64,0.27.5,0,0,0,21712,2.59,2.00,6.43,264,146,1.89,1.00,9.51,348,109,1.89,1.00,6.01,264,122,0.20,0.00,4.09,498,25,5.33,1.00,57.62,5838,77,3.07,1.00,7.26,534,1236
@cumulus/api,21.3.4,3,70,0.9589,142,11.02,5.00,15.80,67,5,1.39,1.00,1.98,9,6,1.39,0.00,2.80,25,2,70.35,0.00,599.77,7143,1,777.61,5.00,2647.72,19430,5,2.52,1.00,5.18,250,1250
@ericsanchezok/synergy-darwin-x64-baseline,2.0.2,0,0,0,635,1.22,0.00,2.99,23,10,1.22,0.00,4.64,49,9,1.22,0.00,2.99,23,10,0.70,0.00,10.79,199,2,43.07,0.00,544.72,13009,4,2.79,1.00,6.13,219,420
@duckmind/dm-linux-arm64,0.27.5,0,0,0,21712,2.59,2.00,6.43,264,146,1.89,1.00,9.51,348,109,1.89,1.00,6.01,264,122,0.20,0.00,4.09,498,25,5.33,1.00,57.62,5838,77,3.07,1.00,7.26,534,1236
agentwebai,0.6.20,0,11,1,28,1.82,0.00,2.82,10,0,0.86,0.00,1.25,4,0,0.86,0.00,1.77,7,1,0.00,0.00,0.00,0,0,3.57,0.00,4.73,15,0,5.65,3.00,8.40,41,4
@ericsanchezok/synergy-linux-x64-baseline-musl,2.0.2,0,0,0,635,1.22,0.00,2.99,23,10,1.22,0.00,4.64,49,9,1.22,0.00,2.99,23,10,0.70,0.00,10.79,199,2,43.07,0.00,544.72,13009,4,2.79,1.00,6.13,219,420
@twsxtd/hapi-linux-x64,0.18.1,0,0,0,0,0.00,0.00,0.00,0,0,0.00,0.00,0.00,0,0,0.00,0.00,0.00,0,0,0.00,0.00,0.00,0,0,0.00,0.00,0.00,0,0,0.00,0.00,0.00,0,0
@stdlib/datasets,0.3.0,3,19,0.8636,319,21.44,1.00,338.19,6046,1,0.31,0.00,0.59,5,3,0.31,0.00,0.66,7,3,0.00,0.00,0.00,0,0,0.42,0.00,0.57,5,1,1.64,1.00,2.67,22,2
@ericsanchezok/synergy-linux-x64-musl,2.0.2,0,0,0,635,1.22,0.00,2.99,23,10,1.22,0.00,4.64,49,9,1.22,0.00,2.99,23,10,0.70,0.00,10.79,199,2,43.07,0.00,544.72,13009,4,2.79,1.00,6.13,219,420
@ericsanchezok/synergy-linux-x64-baseline,2.0.2,0,0,0,635,1.22,0.00,2.99,23,10,1.22,0.00,4.64,49,9,1.22,0.00,2.99,23,10,0.70,0.00,10.79,199,2,43.07,0.00,544.72,13009,4,2.79,1.00,6.13,219,420
@ericsanchezok/synergy-linux-x64,2.0.2,0,0,0,635,1.22,0.00,2.99,23,10,1.22,0.00,4.64,49,9,1.22,0.00,2.99,23,10,0.70,0.00,10.79,199,2,43.07,0.00,544.72,13009,4,2.79,1.00,6.13,219,420
@ericsanchezok/synergy-windows-x64-baseline,2.0.2,0,0,0,635,1.22,0.00,2.99,23,10,1.22,0.00,4.64,49,9,1.22,0.00,2.99,23,10,0.70,0.00,10.79,199,2,43.07,0.00,544.72,13009,4,2.79,1.00,6.13,219,420
@lavilas/codex-linux-x64,1.3.71,0,0,0,0,0.00,0.00,0.00,0,0,0.00,0.00,0.00,0,0,0.00,0.00,0.00,0,0,0.00,0.00,0.00,0,0,0.00,0.00,0.00,0,0,0.00,0.00,0.00,0,0
@bentley/imodeljs-darwin-x64,4.11.39,0,0,0,0,0.00,0.00,0.00,0,0,0.00,0.00,0.00,0,0,0.00,0.00,0.00,0,0,0.00,0.00,0.00,0,0,0.00,0.00,0.00,0,0,0.00,0.00,0.00,0,0
nosearch-react-component,2.1.111,0,48,1,629,1.42,1.00,2.50,34,5,0.55,0.00,2.56,36,7,0.55,0.00,1.87,33,7,0.00,0.00,0.00,0,0,6.19,0.00,98.85,1758,2,2.80,1.00,4.91,81,59
@uma/core,2.62.2,13,45,0.7759,1257,3.74,3.00,8.86,312,1,0.25,0.00,0.43,1,0,0.25,0.00,8.80,312,1,0.74,1.00,0.44,1,0,0.25,0.00,8.80,312,1,0.03,0.00,0.35,6,1
@ericsanchezok/synergy-windows-x64,2.0.2,0,0,0,635,1.22,0.00,2.99,23,10,1.22,0.00,4.64,49,9,1.22,0.00,2.99,23,10,0.39,0.00,7.38,183,2,22.59,0.00,177.63,2700,7,2.97,1.00,7.03,219,218
rn-app-screen-preview-android,1.0.0,0,5,1,12277,1.95,1.00,6.38,562,42,1.20,0.00,5.62,348,54,1.20,0.00,5.70,562,39,0.14,0.00,1.02,63,74,7.99,1.00,77.01,4844,46,3.08,1.00,42.26,13018,40
@mmmbuto/codex-cli-termux,0.130.0,0,0,0,2,3.50,3.50,0.50,4,0,0.00,0.00,0.00,0,0,0.00,0.00,0.00,0,0,0.00,0.00,0.00,0,0,3.50,3.50,0.50,4,0,2.86,1.00,3.04,10,0
@sassoftware/va-report-components,2.34.0,0,27,1,204,1.36,0.00,6.14,31,9,0.09,0.00,0.81,9,2,0.09,0.00,0.42,3,6,1.53,0.00,11.40,121,3,453.45,25.50,1931.92,19076,3,1.81,0.00,21.93,6370,119
@ericsanchezok/synergy-linux-arm64-musl,2.0.2,0,0,0,635,1.22,0.00,2.99,23,10,1.22,0.00,4.64,49,9,1.22,0.00,2.99,23,10,0.70,0.00,10.79,199,2,43.07,0.00,544.72,13009,4,2.79,1.00,6.13,219,420
@libphp/amazon-linux-2-v83,0.0.14,4,3,0.4286,4,0.75,0.50,0.83,2,0,0.25,0.00,0.43,1,0,0.25,0.00,0.43,1,0,0.00,0.00,0.00,0,0,3.75,0.00,6.50,15,0,1.53,1.00,0.96,4,0
@bossmode/cli,0.7.2,0,13,1,62,2.79,1.00,3.94,20,1,1.05,0.00,2.67,19,1,1.05,0.00,2.30,16,1,0.18,0.00,1.14,9,1,50.87,1.00,269.09,2111,1,3.52,1.00,9.02,186,43
@cdktf/aws-cdk,0.16.18,0,30,1,2724,2.42,1.00,33.37,1233,2,0.99,0.00,1.08,10,12,0.99,0.00,33.40,1233,2,4.77,1.00,15.69,189,36,5.36,1.00,34.89,1233,21,3.89,3.00,5.65,307,26
@progress/kendo-cli,1.17.0,0,33,1,68,2.32,1.00,4.56,37,1,0.00,0.00,0.00,0,0,0.00,0.00,0.00,0,0,4.29,0.00,29.24,243,1,91.71,0.00,692.85,5752,1,2.57,1.00,5.89,209,104
@ericsanchezok/synergy-linux-arm64,2.0.2,0,0,0,635,1.22,0.00,2.99,23,10,1.22,0.00,4.64,49,9,1.22,0.00,2.99,23,10,0.39,0.00,7.38,183,2,22.59,0.00,177.63,2700,7,2.97,1.00,7.03,219,218
@pnpm/macos-x64,10.33.3,1,1,0.5,0,0.00,0.00,0.00,0,0,0.00,0.00,0.00,0,0,0.00,0.00,0.00,0,0,0.00,0.00,0.00,0,0,0.00,0.00,0.00,0,0,0.00,0.00,0.00,0,0
nodejs-polars-win32-x64-msvc,0.24.1,0,0,0,0,0.00,0.00,0.00,0,0,0.00,0.00,0.00,0,0,0.00,0.00,0.00,0,0,0.00,0.00,0.00,0,0,0.00,0.00,0.00,0,0,0.00,0.00,0.00,0,0
mongo-unit,3.4.0,24,10,0.2941,3,2.00,0.00,2.83,6,0,0.00,0.00,0.00,0,0,0.00,0.00,0.00,0,0,0.00,0.00,0.00,0,0,8.67,0.00,12.26,26,0,2.35,2.00,1.90,8,0
all-the-public-replicate-models,1.686.0,1,4,0.8,4,2.00,2.00,1.00,3,0,0.25,0.00,0.43,1,0,0.25,0.00,0.43,1,0,0.00,0.00,0.00,0,0,0.00,0.00,0.00,0,0,0.00,0.00,0.00,0,0
@toolbox-sdk/server-linux-x64,1.2.0,0,0,0,0,0.00,0.00,0.00,0,0,0.00,0.00,0.00,0,0,0.00,0.00,0.00,0,0,0.00,0.00,0.00,0,0,0.00,0.00,0.00,0,0,0.00,0.00,0.00,0,0
@ericsanchezok/synergy-darwin-arm64,2.0.2,0,0,0,635,1.22,0.00,2.99,23,10,1.22,0.00,4.64,49,9,1.22,0.00,2.99,23,10,0.70,0.00,10.79,199,2,43.07,0.00,544.72,13009,4,2.79,1.00,6.13,219,420
@ericsanchezok/synergy-darwin-x64,2.0.2,0,0,0,635,1.22,0.00,2.99,23,10,1.22,0.00,4.64,49,9,1.22,0.00,2.99,23,10,0.70,0.00,10.79,199,2,43.07,0.00,544.72,13009,4,2.79,1.00,6.13,219,420
@joystick.js/node-canary,0.0.0-canary.2371,0,36,1,544,3.16,2.00,4.81,49,10,2.41,1.00,4.07,37,16,2.41,1.00,4.44,47,8,0.03,0.00,0.19,2,14,5.24,2.00,10.01,157,9,3.66,2.00,5.82,70,47
@oomol-lab/oo-cli-win32-arm64,0.5.11,0,0,0,0,0.00,0.00,0.00,0,0,0.00,0.00,0.00,0,0,0.00,0.00,0.00,0,0,0.00,0.00,0.00,0,0,0.00,0.00,0.00,0,0,0.00,0.00,0.00,0,0
cojson-core-rn,0.20.18,1,25,0.9615,12,1.33,1.00,0.62,2,0,0.50,0.50,0.50,1,0,0.50,0.00,0.76,2,0,3.50,0.00,7.40,20,0,19.92,0.50,43.65,119,0,3.78,3.00,10.10,112,2
@adaptic/backend-legacy,0.0.87,1,9,0.9,19954,3.65,3.00,16.34,1997,12,2.97,0.00,16.09,1028,88,2.97,2.00,16.32,1997,12,0.46,0.00,0.50,4,2,8.17,0.00,27.84,1997,66,0.82,0.00,2.98,190,503
@layerzerolabs/protocol-starknet-v2,0.2.94,2,5,0.7143,56,0.95,0.00,2.50,14,2,0.89,0.00,2.97,22,1,0.89,0.00,2.50,14,2,0.00,0.00,0.00,0,0,0.70,0.00,2.70,12,3,0.05,0.00,0.22,1,2
hbuilderx-plugin-launcher,5.7.2026041615-3250-alpha,0,0,0,0,0.00,0.00,0.00,0,0,0.00,0.00,0.00,0,0,0.00,0.00,0.00,0,0,0.00,0.00,0.00,0,0,0.00,0.00,0.00,0,0,0.00,0.00,0.00,0,0
@lenml/tokenizer-gemini,3.7.2,1,6,0.8571,6,1.33,1.00,0.94,3,0,0.17,0.00,0.37,1,0,0.17,0.00,0.37,1,0,0.00,0.00,0.00,0,0,89.83,15.00,171.55,472,0,2.75,1.00,22.35,514,1
@oomol-lab/oo-cli-win32-x64,0.5.11,0,0,0,0,0.00,0.00,0.00,0,0,0.00,0.00,0.00,0,0,0.00,0.00,0.00,0,0,0.00,0.00,0.00,0,0,0.00,0.00,0.00,0,0,0.00,0.00,0.00,0,0
create-expo-cljs-app,1.0.23,0,4,1,19266,2.08,1.00,6.09,551,112,1.46,1.00,5.19,348,140,1.46,1.00,5.72,551,104,0.11,0.00,1.16,102,59,9.52,1.00,70.26,4788,212,2.52,1.00,37.60,12917,51
@proteinjs/reflection-build,1.4.6,27,22,0.449,11850,1.96,1.00,8.30,580,43,1.30,1.00,6.86,348,26,1.30,0.00,8.04,580,28,0.13,0.00,0.72,29,112,16.64,1.00,445.41,19805,10,3.26,1.00,6.84,300,2817
@kilocode/cli-linux-arm64-musl,7.3.0,0,0,0,0,0.00,0.00,0.00,0,0,0.00,0.00,0.00,0,0,0.00,0.00,0.00,0,0,0.00,0.00,0.00,0,0,0.00,0.00,0.00,0,0,0.00,0.00,0.00,0,0
@libphp/almalinux-9-v85,0.0.3,1,3,0.75,4,0.75,0.50,0.83,2,0,0.25,0.00,0.43,1,0,0.25,0.00,0.43,1,0,0.00,0.00,0.00,0,0,3.75,0.00,6.50,15,0,1.53,1.00,0.96,4,0
@imgly/background-removal-data,1.4.5,0,1,1,0,0.00,0.00,0.00,0,0,0.00,0.00,0.00,0,0,0.00,0.00,0.00,0,0,0.00,0.00,0.00,0,0,0.00,0.00,0.00,0,0,0.00,0.00,0.00,0,0
@socialgouv/kali-data,3.449.0,0,29,1,27,1.78,1.00,1.93,10,1,1.37,0.00,1.59,4,0,1.37,1.00,1.93,10,1,0.00,0.00,0.00,0,0,3.63,2.00,3.29,12,0,2.55,2.00,2.60,24,1
@surrealdb/node,3.0.3,14,3,0.1765,2,38.00,38.00,37.00,75,0,0.00,0.00,0.00,0,0,0.00,0.00,0.00,0,0,0.50,0.50,0.50,1,0,7.50,7.50,7.50,15,0,9.93,2.00,31.58,128,1
pretendard-jp,1.3.9,1,1,0.5,1,1.00,1.00,0.00,1,0,0.00,0.00,0.00,0,0,0.00,0.00,0.00,0,0,0.00,0.00,0.00,0,0,0.00,0.00,0.00,0,0,0.00,0.00,0.00,0,0
@venusprotocol/isolated-pools,4.3.0,5,61,0.9242,620,3.19,3.00,5.79,139,2,0.29,0.00,0.99,18,4,0.29,0.00,5.59,139,1,0.90,1.00,0.30,1,0,0.48,0.00,5.86,139,3,2.02,0.00,4.42,36,8
@superfluid-finance/ethereum-contracts,1.15.0,17,24,0.5854,5,5.20,2.00,7.47,20,0,0.40,0.00,0.49,1,0,0.40,0.00,0.49,1,0,0.00,0.00,0.00,0,0,2.40,1.00,3.01,8,0,6.75,2.50,9.58,35,0
mfpdev-cli,8.0.2022100206,0,68,1,9389,1.40,0.00,4.16,157,49,1.04,0.00,8.08,353,30,1.04,0.00,3.93,157,28,0.07,0.00,0.41,14,185,16.73,1.00,346.68,15675,15,3.43,2.00,14.11,1858,483
@kilocode/cli-linux-arm64,7.3.0,0,0,0,0,0.00,0.00,0.00,0,0,0.00,0.00,0.00,0,0,0.00,0.00,0.00,0,0,0.00,0.00,0.00,0,0,0.00,0.00,0.00,0,0,0.00,0.00,0.00,0,0
@material-symbols-svg/vue,0.6.0,0,10,1,23250,1.00,1.00,0.05,2,1,1.00,0.00,152.12,23196,1,1.00,1.00,0.05,1,0,0.00,0.00,0.00,0,0,0.00,0.00,0.02,3,2,2.80,1.00,4.12,11,0
@gnsx/genesys.js,10.12.0,1,45,0.9783,1608,2.71,1.00,5.13,95,12,1.78,0.00,7.27,153,18,1.78,0.00,4.80,94,12,0.54,0.00,0.82,8,25,8.51,0.00,228.51,9163,1,3.04,1.00,12.73,1135,82
@tencentdb-agent-memory/tcvdb-text,0.1.1,1,4,0.8,16,1.50,1.00,1.80,6,0,0.88,0.00,1.27,4,0,0.88,0.50,1.17,4,0,0.75,1.00,0.66,2,0,0.44,0.00,1.46,6,1,0.43,0.00,0.49,1,0
@onica/runway,2.6.14,0,3,1,2,3.50,3.50,0.50,4,0,0.00,0.00,0.00,0,0,0.00,0.00,0.00,0,0,0.00,0.00,0.00,0,0,4.00,4.00,3.00,7,0,1.63,1.00,1.80,6,0
@fmsim/fmsim-restful,2.0.0-beta.81,2,26,0.9286,102,2.95,1.00,4.56,22,2,0.33,0.00,0.81,4,2,0.33,0.00,0.92,5,3,23.72,0.00,103.00,627,3,258.54,2.00,1309.82,12676,1,2.56,1.00,5.60,203,294
unicode-12.0.0,0.8.0,7,0,0,2396,0.09,0.00,0.28,1,204,0.00,0.00,0.00,0,0,0.00,0.00,0.00,0,0,0.00,0.00,0.00,0,0,0.00,0.00,0.00,0,0,0.00,0.00,0.00,0,0
@vrsen/agentswarm-cli-linux-x64-musl,1.4.34,0,0,0,0,0.00,0.00,0.00,0,0,0.00,0.00,0.00,0,0,0.00,0.00,0.00,0,0,0.00,0.00,0.00,0,0,0.00,0.00,0.00,0,0,0.00,0.00,0.00,0,0
@db-ux/db-theme-icons,3.9.0,3,0,0,16,0.69,0.00,2.02,8,1,0.00,0.00,0.00,0,0,0.00,0.00,0.00,0,0,0.00,0.00,0.00,0,0,0.38,0.00,1.45,6,1,5.33,5.00,2.62,9,0
vue2-client,1.20.88,3,82,0.9647,311,1.78,1.00,3.52,32,5,0.39,0.00,0.73,5,7,0.39,0.00,1.49,20,5,0.83,0.00,12.23,216,1,42.67,0.00,345.57,5596,3,5.46,2.00,28.43,2879,40
@mndrk/agx,2.4.11,0,21,1,3233,3.04,1.00,6.15,107,39,1.20,0.00,4.63,182,28,1.20,0.00,3.95,79,41,0.52,0.00,3.67,87,22,41.75,4.00,425.75,20496,10,3.18,1.00,10.95,2545,904
@hyperlane-xyz/core,11.3.1,33,33,0.5,5901,2.00,2.00,6.24,384,7,0.62,0.00,8.27,386,8,0.62,0.00,5.06,384,1,0.27,0.00,1.29,91,2,7.70,0.00,328.46,23139,2,3.61,2.00,10.09,838,432
openui5-dist,1.108.10,0,10,1,17401,0.31,0.00,4.59,286,80,0.00,0.00,0.12,14,14,0.00,0.00,0.06,5,28,0.05,0.00,2.86,322,3,14.72,3.00,66.89,3463,114,5.07,2.00,10.39,1234,4371
@vrsen/agentswarm-cli-windows-x64,1.4.34,0,0,0,0,0.00,0.00,0.00,0,0,0.00,0.00,0.00,0,0,0.00,0.00,0.00,0,0,0.00,0.00,0.00,0,0,0.00,0.00,0.00,0,0,0.00,0.00,0.00,0,0
react-native-filament-buildcores,1.7.11,0,14,1,399,2.28,1.00,3.33,35,5,1.35,1.00,2.88,27,6,1.35,0.00,3.02,35,5,0.01,0.00,0.10,1,4,2.14,0.00,5.33,67,3,1.93,1.00,2.69,27,18
@vrsen/agentswarm-cli-linux-x64,1.4.34,0,0,0,0,0.00,0.00,0.00,0,0,0.00,0.00,0.00,0,0,0.00,0.00,0.00,0,0,0.00,0.00,0.00,0,0,0.00,0.00,0.00,0,0,0.00,0.00,0.00,0,0
@qvac/llm-llamacpp,0.20.1,2,16,0.8889,6,1.67,1.00,2.05,6,0,0.50,0.00,0.76,2,0,0.50,0.00,0.76,2,0,0.50,0.50,0.50,1,0,3.17,0.00,6.64,18,0,1.58,1.00,2.11,7,0
zraldcli-darwin-arm64,2.0.74,0,0,0,0,0.00,0.00,0.00,0,0,0.00,0.00,0.00,0,0,0.00,0.00,0.00,0,0,0.00,0.00,0.00,0,0,0.00,0.00,0.00,0,0,0.00,0.00,0.00,0,0
@qvac/tts-onnx,0.9.0,1,26,0.963,20,3.70,2.00,4.09,14,0,1.20,1.00,1.03,4,0,1.20,1.00,1.69,6,0,0.25,0.00,0.43,1,0,8.60,4.00,11.10,44,1,6.42,2.00,11.13,78,4
@vrsen/agentswarm-cli-linux-x64-baseline,1.4.34,0,0,0,0,0.00,0.00,0.00,0,0,0.00,0.00,0.00,0,0,0.00,0.00,0.00,0,0,0.00,0.00,0.00,0,0,0.00,0.00,0.00,0,0,0.00,0.00,0.00,0,0
unicode-13.0.0,0.8.0,13,0,0,2420,0.09,0.00,0.28,1,206,0.00,0.00,0.00,0,0,0.00,0.00,0.00,0,0,0.00,0.00,0.00,0,0,0.00,0.00,0.00,0,0,0.00,0.00,0.00,0,0
riskjs,0.0.7,0,5,1,1,1.00,1.00,0.00,1,0,0.00,0.00,0.00,0,0,0.00,0.00,0.00,0,0,0.00,0.00,0.00,0,0,0.00,0.00,0.00,0,0,0.00,0.00,0.00,0,0
openclaw-cojad,2605.19.1300,0,75,1,19387,3.74,2.00,6.54,242,264,2.70,0.00,17.58,1180,99,2.70,1.00,6.13,234,262,0.02,0.00,0.31,21,272,11.35,1.00,50.56,4577,107,3.81,2.00,7.20,453,2839
fusionmaps,4.1.0,4,14,0.7778,6515,0.33,0.00,0.47,1,0,0.00,0.00,0.00,0,0,0.00,0.00,0.00,0,0,0.00,0.00,0.00,0,0,7.11,0.00,132.36,10327,6,2.19,1.00,6.22,315,599
@react-native-oh/react-native-harmony,0.82.29,16,37,0.6981,1000,1.73,0.00,3.59,71,13,1.05,0.00,2.86,50,14,1.05,0.00,2.85,70,8,0.16,0.00,0.91,21,4,7.37,0.00,49.03,818,8,4.12,2.00,7.78,172,145
@vrsen/agentswarm-cli-windows-arm64,1.4.34,0,0,0,0,0.00,0.00,0.00,0,0,0.00,0.00,0.00,0,0,0.00,0.00,0.00,0,0,0.00,0.00,0.00,0,0,0.00,0.00,0.00,0,0,0.00,0.00,0.00,0,0
@vrsen/agentswarm-cli-windows-x64-baseline,1.4.34,0,0,0,0,0.00,0.00,0.00,0,0,0.00,0.00,0.00,0,0,0.00,0.00,0.00,0,0,0.00,0.00,0.00,0,0,0.00,0.00,0.00,0,0,0.00,0.00,0.00,0,0
hqchart,1.1.15808,0,2,1,163,0.24,0.00,1.23,14,2,0.04,0.00,0.19,1,6,0.04,0.00,0.33,3,2,0.00,0.00,0.00,0,0,301.60,0.00,1127.79,6146,6,4.88,2.00,10.03,197,953
@kilocode/cli-darwin-x64,7.3.0,0,0,0,0,0.00,0.00,0.00,0,0,0.00,0.00,0.00,0,0,0.00,0.00,0.00,0,0,0.00,0.00,0.00,0,0,0.00,0.00,0.00,0,0,0.00,0.00,0.00,0,0
foxfire,2.0.0,0,9,1,11,1.27,0.00,2.49,7,0,0.27,0.00,0.45,1,0,0.27,0.00,0.86,3,1,0.00,0.00,0.00,0,0,1.27,0.00,1.60,4,0,2.14,1.50,2.45,9,0
@postman/pm-bin-windows-x64,1.37.0,0,0,0,509,4.07,2.00,10.59,214,2,2.07,1.00,4.94,65,5,2.07,1.00,3.07,30,8,0.59,0.00,3.52,41,4,28.69,3.00,425.17,9548,1,3.59,2.00,7.57,410,187
@builder.io/buildercode-darwin-arm64,0.5.1,0,0,0,0,0.00,0.00,0.00,0,0,0.00,0.00,0.00,0,0,0.00,0.00,0.00,0,0,0.00,0.00,0.00,0,0,0.00,0.00,0.00,0,0,0.00,0.00,0.00,0,0
@kilocode/cli-darwin-x64-baseline,7.3.0,0,0,0,0,0.00,0.00,0.00,0,0,0.00,0.00,0.00,0,0,0.00,0.00,0.00,0,0,0.00,0.00,0.00,0,0,0.00,0.00,0.00,0,0,0.00,0.00,0.00,0,0
graphql-server-example,1.0.0,1,7,0.875,32272,2.32,1.00,8.72,815,107,1.66,1.00,6.52,348,251,1.66,1.00,7.01,543,112,0.12,0.00,1.29,117,99,8.51,1.00,173.14,14214,42,3.21,2.00,10.36,1616,1305
@vrsen/agentswarm-cli-linux-x64-baseline-musl,1.4.34,0,0,0,0,0.00,0.00,0.00,0,0,0.00,0.00,0.00,0,0,0.00,0.00,0.00,0,0,0.00,0.00,0.00,0,0,0.00,0.00,0.00,0,0,0.00,0.00,0.00,0,0
@factory/cli-win32-x64,0.129.0,0,0,0,0,0.00,0.00,0.00,0,0,0.00,0.00,0.00,0,0,0.00,0.00,0.00,0,0,0.00,0.00,0.00,0,0,0.00,0.00,0.00,0,0,0.00,0.00,0.00,0,0
@builder.io/buildercode-win32-x64,0.5.1,0,0,0,0,0.00,0.00,0.00,0,0,0.00,0.00,0.00,0,0,0.00,0.00,0.00,0,0,0.00,0.00,0.00,0,0,0.00,0.00,0.00,0,0,0.00,0.00,0.00,0,0
archgate-win32-x64,0.26.0,0,0,0,0,0.00,0.00,0.00,0,0,0.00,0.00,0.00,0,0,0.00,0.00,0.00,0,0,0.00,0.00,0.00,0,0,0.00,0.00,0.00,0,0,0.00,0.00,0.00,0,0
newawesome,2.2.2,0,29,1,36,4.28,2.50,4.51,18,1,1.58,1.00,1.77,8,2,1.58,1.00,2.17,8,0,0.00,0.00,0.00,0,0,2.64,1.00,4.17,20,1,2.00,1.00,3.66,24,3
@socialgouv/fiches-vdd,2.1738.0,0,10,1,6,2.00,1.00,2.00,6,0,0.50,0.50,0.50,1,0,0.50,0.00,1.12,3,0,0.00,0.00,0.00,0,0,4.50,3.50,3.95,11,0,2.56,1.00,2.99,11,0
@vrsen/agentswarm-cli-darwin-x64-baseline,1.4.34,0,0,0,0,0.00,0.00,0.00,0,0,0.00,0.00,0.00,0,0,0.00,0.00,0.00,0,0,0.00,0.00,0.00,0,0,0.00,0.00,0.00,0,0,0.00,0.00,0.00,0,0
@joggr/cli-linux-x64-musl,0.14.3,0,0,0,0,0.00,0.00,0.00,0,0,0.00,0.00,0.00,0,0,0.00,0.00,0.00,0,0,0.00,0.00,0.00,0,0,0.00,0.00,0.00,0,0,0.00,0.00,0.00,0,0
@vkhanhqui/figma-mcp-go,0.1.3,0,0,0,1,3.00,3.00,0.00,3,0,0.00,0.00,0.00,0,0,0.00,0.00,0.00,0,0,0.00,0.00,0.00,0,0,0.00,0.00,0.00,0,0,0.00,0.00,0.00,0,0
@factory/cli-win32-x64-baseline,0.129.0,0,0,0,0,0.00,0.00,0.00,0,0,0.00,0.00,0.00,0,0,0.00,0.00,0.00,0,0,0.00,0.00,0.00,0,0,0.00,0.00,0.00,0,0,0.00,0.00,0.00,0,0
@celo/client,0.0.419,1,0,0,0,0.00,0.00,0.00,0,0,0.00,0.00,0.00,0,0,0.00,0.00,0.00,0,0,0.00,0.00,0.00,0,0,0.00,0.00,0.00,0,0,0.00,0.00,0.00,0,0
@vrsen/agentswarm-cli-linux-arm64,1.4.34,0,0,0,0,0.00,0.00,0.00,0,0,0.00,0.00,0.00,0,0,0.00,0.00,0.00,0,0,0.00,0.00,0.00,0,0,0.00,0.00,0.00,0,0,0.00,0.00,0.00,0,0
